start,symbol,Start_Datum,Start_Open,Ende_Datum,Ende_Open,Close,Volume,days,profit,sum
2022-11-30,enlc,2022-12-01,12.94,2022-12-06,12.4,12.86,4553200.0,2.0,-4.173106646058726,-4.173106646058726
2022-11-30,ovv,2022-12-01,56.14,2022-12-06,51.09,55.76,21331900.0,2.0,-8.995368721054502,-13.168475367113228
2022-11-30,mur,2022-12-01,47.8,2022-12-02,45.8,47.2,1016700.0,0.0,-4.1841004184100425,-17.35257578552327
2022-11-30,cprx,2022-12-01,16.9,2022-12-06,16.95,16.77,2990500.0,2.0,0.2958579881656847,-17.056717797357585
2022-11-30,cf,2022-12-01,108.6,2022-12-02,103.59,108.19,8646900.0,0.0,-4.613259668508279,-21.669977465865863
2022-11-30,stng,2022-12-01,51.04,2022-12-06,53.0,51.02,1050700.0,2.0,3.840125391849532,-17.82985207401633
2022-11-30,sqm,2022-12-01,100.34,2022-12-02,96.6,99.16,2363900.0,0.0,-3.7273270879011453,-21.557179161917475
2022-11-30,apa,2022-12-01,47.5,2022-12-05,48.07,46.85,9011400.0,1.0,1.2000000000000006,-20.357179161917475
2022-11-30,hp,2022-12-01,51.76,2022-12-02,49.28,51.08,1165700.0,0.0,-4.791344667697057,-25.148523829614533
2022-11-30,ceix,2022-12-01,77.8,2022-12-02,71.98,77.45,1100400.0,0.0,-7.4807197943444645,-32.629243623959
2022-12-01,mpc,2022-12-02,119.64,2022-12-06,111.81,120.23,3243600.0,1.0,-6.544633901705114,-39.17387752566411
2022-12-01,vlo,2022-12-02,131.57,2022-12-05,127.89,132.03,4563400.0,0.0,-2.796990195333277,-41.97086772099739
2022-12-01,hrb,2022-12-02,42.92,2022-12-06,42.33,43.45,1816000.0,1.0,-1.374650512581555,-43.34551823357894
2022-12-01,asc,2022-12-02,15.0,2022-12-06,15.2,15.13,1454800.0,1.0,1.3333333333333286,-42.012184900245614
2022-12-01,nog,2022-12-02,34.89,2022-12-05,36.4,35.32,1741500.0,0.0,4.327887646890221,-37.684297253355396
2022-12-02,btu,2022-12-05,31.7,2022-12-06,29.57,31.59,3133900.0,0.0,-6.719242902208198,-44.4035401555636
2022-12-02,ati,2022-12-05,31.2,2022-12-06,30.42,31.12,1296300.0,0.0,-2.499999999999992,-46.90354015556359
2022-12-02,flr,2022-12-05,35.65,2022-12-06,34.79,35.66,1889100.0,0.0,-2.412342215988778,-49.31588237155237
2023-01-13,val,2023-01-17,72.49,2023-01-19,72.0,71.82,1173600.0,1.0,-0.6759553041798798,-49.99183767573225
2023-01-13,mpc,2023-01-17,122.83,2023-01-19,120.47,121.93,2780500.0,1.0,-1.921354717902792,-51.91319239363504
2023-01-13,vlo,2023-01-17,137.62,2023-01-19,134.68,136.13,2604000.0,1.0,-2.1363173957273633,-54.0495097893624
2023-01-13,enlc,2023-01-17,13.31,2023-01-19,12.9,13.38,1495500.0,1.0,-3.0803906836964696,-57.129900473058875
2023-01-13,hes,2023-01-17,151.73,2023-01-19,149.64,152.21,1776200.0,1.0,-1.3774467804653026,-58.50734725352418
2023-01-13,ati,2023-01-17,35.2,2023-01-19,34.66,35.44,1609500.0,1.0,-1.5340909090909267,-60.04143816261511
2023-01-13,cprx,2023-01-17,21.53,2023-01-19,20.31,21.05,2756700.0,1.0,-5.666511843938701,-65.70795000655382
2023-01-13,cop,2023-01-17,121.06,2023-01-18,121.2,121.47,4360200.0,0.0,0.11564513464397866,-65.59230487190983
2023-01-13,xom,2023-01-17,113.41,2023-01-19,110.07,113.15,12011400.0,1.0,-2.9450665726126477,-68.53737144452248
2023-01-13,pten,2023-01-17,17.13,2023-01-18,17.51,17.37,2165000.0,0.0,2.2183304144775398,-66.31904103004494
2023-01-17,cvx,2023-01-18,180.82,2023-01-19,176.61,180.49,10697700.0,0.0,-2.3282822696604244,-68.64732329970536
2023-01-17,talo,2023-01-18,20.95,2023-01-19,18.88,20.82,1103600.0,0.0,-9.880668257756566,-78.52799155746193
2023-01-23,oxy,2023-01-24,64.36,2023-01-25,63.86,66.5,9891500.0,0.0,-0.7768800497203232,-79.30487160718225
2023-01-23,cop,2023-01-24,121.0,2023-01-25,118.2,120.13,3963200.0,0.0,-2.314049586776857,-81.61892119395911
2023-01-23,enlc,2023-01-24,13.0,2023-01-31,12.46,12.97,6046400.0,4.0,-4.153846153846148,-85.77276734780526
2023-01-23,pbf,2023-01-24,44.01,2023-02-02,40.2,43.8,3292900.0,6.0,-8.657123381049752,-94.42989072885501
2023-01-23,talo,2023-01-24,21.1,2023-01-25,20.53,20.99,1003400.0,0.0,-2.7014218009478683,-97.13131252980288
2023-01-23,xom,2023-01-24,109.16,2023-02-03,111.9,112.76,16584400.0,7.0,2.5100769512642076,-94.62123557853867
2023-01-23,hes,2023-01-24,154.1,2023-02-02,143.46,155.16,1677500.0,6.0,-6.904607397793631,-101.5258429763323
2023-01-23,vlo,2023-01-24,146.56,2023-02-03,133.88,143.08,3908300.0,7.0,-8.651746724890835,-110.17758970122313
2023-01-23,dino,2023-01-24,57.9,2023-02-02,54.53,57.83,1872700.0,6.0,-5.820379965457682,-115.9979696666808
2023-01-23,mpc,2023-01-24,124.2,2023-02-03,120.57,126.88,3963400.0,7.0,-2.9227053140096695,-118.92067498069048
2023-01-24,mtdr,2023-01-25,63.8,2023-01-31,64.39,63.45,1741900.0,3.0,0.924764890282137,-117.99591009040834
2023-01-24,cvx,2023-01-25,179.29,2023-01-27,184.23,180.83,5989000.0,1.0,2.7553126220090345,-115.24059746839932
2023-01-24,fro,2023-01-25,13.35,2023-01-27,13.49,13.7,2437000.0,1.0,1.0486891385767834,-114.19190832982252
2023-01-26,oxy,2023-01-27,67.15,2023-01-31,64.2,67.09,12564400.0,1.0,-4.3931496649292665,-118.58505799475179
2023-01-26,mro,2023-01-27,28.7,2023-01-31,27.0,28.76,8211600.0,1.0,-5.923344947735189,-124.50840294248698
2023-01-30,cve,2023-01-31,19.61,2023-02-02,19.24,19.76,5686500.0,1.0,-1.8867924528301938,-126.39519539531717
2023-01-30,cop,2023-01-31,120.22,2023-02-02,113.49,120.53,5246300.0,1.0,-5.598070204624857,-131.99326559994202
2023-01-30,nog,2023-01-31,33.49,2023-02-03,31.52,33.49,2257300.0,2.0,-5.882352941176477,-137.87561854111848
2023-01-30,fro,2023-01-31,13.58,2023-03-10,18.37,13.61,2656400.0,26.0,35.27245949926363,-102.60315904185485
2023-02-01,ati,2023-02-02,37.0,2023-02-10,38.0,36.74,1692900.0,5.0,2.7027027027027026,-99.90045633915214
2023-02-01,ypf,2023-02-02,11.91,2023-02-03,11.26,11.75,2669500.0,0.0,-5.457598656591102,-105.35805499574325
2023-02-01,enlc,2023-02-02,12.71,2023-02-07,12.6,12.6,1788600.0,2.0,-0.8654602675059103,-106.22351526324915
2023-02-01,flr,2023-02-02,37.42,2023-02-07,35.97,37.24,2465700.0,2.0,-3.8749331908070626,-110.09844845405621
2023-02-01,mtdr,2023-02-02,64.4,2023-02-03,61.15,64.38,1269700.0,0.0,-5.046583850931688,-115.1450323049879
2023-02-02,wfrd,2023-02-03,55.63,2023-02-06,56.57,55.4,1236000.0,0.0,1.689735754089516,-113.45529655089838
2023-02-02,pcvx,2023-02-03,45.1,2023-02-06,45.21,45.5,1009300.0,0.0,0.243902439024389,-113.21139411187399
2023-02-02,elf,2023-02-03,67.25,2023-02-09,72.62,67.29,3590100.0,3.0,7.98513011152417,-105.22626400034981
2023-02-02,val,2023-02-03,70.62,2023-02-06,73.45,70.45,1237500.0,0.0,4.007363353157743,-101.21890064719207
2023-02-02,axsm,2023-02-03,73.81,2023-02-06,67.95,74.29,1039200.0,0.0,-7.939303617396015,-109.1582042645881
2023-02-02,tdw,2023-02-03,41.85,2023-02-06,43.99,42.03,1126400.0,0.0,5.113500597371566,-104.04470366721652
2023-02-03,xom,2023-02-06,112.36,2023-02-21,110.81,111.92,20226600.0,9.0,-1.3794944820220694,-105.42419814923859
2023-02-03,fti,2023-02-06,13.13,2023-03-10,14.8,13.14,4964400.0,22.0,12.718964204112718,-92.70523394512587
2023-02-03,stld,2023-02-06,127.63,2023-02-27,120.84,128.18,2223700.0,13.0,-5.320065815247193,-98.02529976037306
2023-02-03,unm,2023-02-06,41.68,2023-02-10,41.38,41.55,2118200.0,3.0,-0.7197696737044078,-98.74506943407746
2023-02-03,mtdr,2023-02-06,62.01,2023-02-07,61.25,62.17,1149700.0,0.0,-1.225608772778581,-99.97067820685605
2023-02-06,insw,2023-02-07,41.68,2023-02-08,43.03,41.8,1047900.0,0.0,3.2389635316698686,-96.73171467518618
2023-02-06,asc,2023-02-07,15.6,2023-02-09,15.86,15.42,1120200.0,1.0,1.6666666666666652,-95.06504800851951
2023-02-06,hrb,2023-02-07,39.06,2023-02-10,37.47,39.37,1524000.0,2.0,-4.070660522273434,-99.13570853079294
2023-02-07,stng,2023-02-08,54.55,2023-02-27,61.45,54.67,2666900.0,11.0,12.648945921173246,-86.48676260961969
2023-02-08,vist,2023-02-09,17.0,2023-02-10,16.79,16.92,1135700.0,0.0,-1.2352941176470638,-87.72205672726675
2023-02-08,smci,2023-02-09,86.9,2023-02-23,89.33,85.22,1758000.0,8.0,2.7963176064441804,-84.92573912082257
2023-02-09,asc,2023-02-10,16.8,2023-02-13,16.21,16.76,1690100.0,0.0,-3.5119047619047614,-88.43764388272733
2023-02-09,dht,2023-02-10,10.39,2023-03-08,11.96,10.39,7483100.0,16.0,15.110683349374401,-73.32696053335293
2023-02-09,pi,2023-02-10,122.26,2023-02-13,124.07,125.51,1090300.0,0.0,1.480451496810067,-71.84650903654287
2023-02-09,wfrd,2023-02-10,65.01,2023-02-14,67.03,64.85,1688800.0,1.0,3.107214274726959,-68.73929476181591
2023-02-10,nog,2023-02-13,33.97,2023-02-15,33.64,34.11,1744700.0,1.0,-0.9714453929938132,-69.71074015480973
2023-02-10,unm,2023-02-13,42.42,2023-02-21,42.78,42.46,1483800.0,4.0,0.8486562942008472,-68.86208386060888
2023-02-13,asc,2023-02-14,17.04,2023-02-21,18.0,16.61,1333600.0,3.0,5.633802816901413,-63.22828104370746
2023-02-14,vist,2023-02-15,18.62,2023-02-16,18.62,18.43,1121300.0,0.0,0.0,-63.22828104370746
2023-02-15,btu,2023-02-16,29.5,2023-02-22,25.61,29.54,9584500.0,2.0,-13.186440677966104,-76.41472172167357
2023-02-17,calm,2023-02-21,61.39,2023-02-22,59.5,61.36,1594400.0,0.0,-3.0786773090079826,-79.49339903068156
2023-02-17,ati,2023-02-21,40.94,2023-02-23,40.39,41.24,1926200.0,1.0,-1.3434294088910532,-80.83682843957261
2023-02-17,pbf,2023-02-21,41.66,2023-03-10,45.39,41.84,4675400.0,12.0,8.953432549207884,-71.88339589036472
2023-02-21,sgml,2023-02-22,34.63,2023-02-24,33.44,34.23,3768800.0,1.0,-3.436326884204461,-75.31972277456919
2023-02-21,asc,2023-02-22,17.95,2023-02-27,17.99,18.1,1397400.0,2.0,0.2228412256267362,-75.09688154894245
2023-02-22,ypf,2023-02-23,11.52,2023-03-10,11.8,11.37,1344600.0,10.0,2.4305555555555656,-72.66632599338688
2023-02-22,parr,2023-02-23,26.2,2023-02-27,27.7,25.84,1223100.0,1.0,5.7251908396946565,-66.94113515369222
2023-02-23,tnk,2023-02-24,42.14,2023-02-27,43.52,42.32,1606500.0,0.0,3.2747982914095934,-63.66633686228262
2023-02-24,sgml,2023-02-27,35.48,2023-02-28,36.79,34.94,1063400.0,0.0,3.6922209695603225,-59.974115892722295
2023-02-24,insw,2023-02-27,47.79,2023-03-02,51.19,47.09,1035500.0,2.0,7.114459091860219,-52.859656800862076
2023-02-24,eurn,2023-02-27,18.27,2023-03-06,18.55,18.38,3173400.0,4.0,1.5325670498084354,-51.32708975105364
2023-02-24,smci,2023-02-27,98.86,2023-03-06,98.85,98.16,1945100.0,4.0,-0.010115314586288808,-51.33720506563993
2023-02-24,ati,2023-02-27,39.87,2023-03-09,41.95,39.51,1002200.0,7.0,5.216955104088301,-46.12024996155163
2023-02-27,stng,2023-02-28,62.0,2023-03-02,59.64,61.82,1362900.0,1.0,-3.806451612903225,-49.92670157445485
2023-03-01,btu,2023-03-02,27.61,2023-03-03,27.71,27.86,3028700.0,0.0,0.36218761318363424,-49.56451396127122
2023-03-01,asc,2023-03-02,18.53,2023-03-08,18.43,18.53,1757000.0,3.0,-0.5396654074473902,-50.104179368718604
2023-03-02,stng,2023-03-03,58.89,2023-03-10,59.57,58.91,1266300.0,4.0,1.1546951944302932,-48.94948417428831
2023-03-03,edu,2023-03-06,44.2,2023-03-08,38.0,45.31,2232400.0,1.0,-14.027149321266974,-62.976633495555284
2023-03-03,sgml,2023-03-06,37.93,2023-03-07,36.21,37.5,1705800.0,0.0,-4.534669127339833,-67.51130262289512
2023-03-06,ceco,2023-03-07,15.17,2023-03-08,14.76,14.56,1871300.0,0.0,-2.7027027027027035,-70.21400532559782
2023-03-07,elf,2023-03-08,73.7,2023-03-09,74.05,73.7,1569900.0,0.0,0.47489823609225823,-69.73910708950557
2023-03-07,eurn,2023-03-08,18.57,2023-03-10,18.28,18.44,1150300.0,1.0,-1.5616585891222354,-71.3007656786278
2023-03-07,tdw,2023-03-08,51.57,2023-03-09,50.34,51.78,1436400.0,0.0,-2.385107620709709,-73.6858732993375
2023-03-07,mpc,2023-03-08,130.0,2023-03-10,129.06,130.21,3592500.0,1.0,-0.7230769230769213,-74.40895022241442
2023-03-08,fslr,2023-03-09,214.65,2023-03-10,210.33,214.33,2544200.0,0.0,-2.012578616352198,-76.42152883876662
2023-03-08,smci,2023-03-09,102.5,2023-03-10,98.01,102.35,1461000.0,0.0,-4.380487804878044,-80.80201664364466
2023-03-08,dht,2023-03-09,11.99,2023-03-10,11.7,11.79,2439900.0,0.0,-2.4186822351960044,-83.22069887884066
2023-03-16,vips,2023-03-17,15.37,2023-03-20,14.56,15.32,6011400.0,0.0,-5.270006506180864,-88.49070538502153
2023-03-16,smci,2023-03-17,96.85,2023-03-20,95.49,97.23,1544300.0,0.0,-1.404233350542075,-89.8949387355636
2023-03-16,tcom,2023-03-17,37.89,2023-03-20,35.21,37.39,3706300.0,0.0,-7.073106360517286,-96.96804509608089
2023-03-16,pcg,2023-03-17,16.2,2023-03-20,16.11,16.16,17443400.0,0.0,-0.5555555555555547,-97.52360065163644
2023-03-16,bj,2023-03-17,75.63,2023-03-20,75.4,75.85,1727600.0,0.0,-0.30411212481818034,-97.82771277645462
2023-03-16,apls,2023-03-17,64.03,2023-03-20,63.35,64.89,1704800.0,0.0,-1.0620021864750893,-98.8897149629297
2023-03-16,sfm,2023-03-17,32.96,2023-03-20,32.3,33.28,1256900.0,0.0,-2.002427184466031,-100.89214214739573
2023-03-16,fslr,2023-03-17,205.69,2023-03-20,200.69,206.56,2068700.0,0.0,-2.4308425300209056,-103.32298467741664
2023-03-16,srpt,2023-03-17,119.31,2023-03-20,123.89,149.67,1913500.0,0.0,3.8387394183220165,-99.48424525909462
2023-03-16,aso,2023-03-17,64.18,2023-03-20,63.79,64.95,4947400.0,0.0,-0.6076659395450416,-100.09191119863966
2023-03-20,pcg,2023-03-21,16.12,2023-03-23,15.55,16.0,13050200.0,1.0,-3.535980148883376,-103.62789134752305
2023-03-20,agi,2023-03-21,11.26,2023-03-23,11.3,11.39,4345800.0,1.0,0.3552397868561361,-103.27265156066692
2023-03-20,on,2023-03-21,80.89,2023-03-23,80.12,79.98,4822200.0,1.0,-0.9519100012362417,-104.22456156190316
2023-03-20,sfm,2023-03-21,33.09,2023-03-23,32.34,32.72,1451000.0,1.0,-2.266545784224841,-106.491107346128
2023-03-20,aso,2023-03-21,65.01,2023-03-23,63.96,63.86,1808100.0,1.0,-1.6151361329026368,-108.10624347903064
2023-03-20,apls,2023-03-21,63.15,2023-03-23,61.98,63.05,1342200.0,1.0,-1.8527315914489337,-109.95897507047957
2023-03-20,fslr,2023-03-21,208.6,2023-03-23,208.31,204.68,2945700.0,1.0,-0.1390220517737258,-110.09799712225329
2023-03-20,bj,2023-03-21,75.89,2023-03-23,75.41,75.85,1762700.0,1.0,-0.6324943997891738,-110.73049152204247
2023-03-20,smci,2023-03-21,99.99,2023-03-23,114.0,98.52,1540900.0,1.0,14.011401140114016,-96.71909038192845
2023-03-20,pwr,2023-03-21,159.86,2023-03-22,160.96,157.29,1000500.0,0.0,0.6881020893281585,-96.0309882926003
2023-03-21,cprx,2023-03-22,16.74,2023-03-23,16.47,16.53,1755300.0,0.0,-1.612903225806449,-97.64389151840675
2023-03-23,on,2023-03-24,79.82,2023-03-27,78.05,80.97,6181500.0,0.0,-2.217489351039835,-99.86138086944658
2023-03-23,fslr,2023-03-24,208.03,2023-04-27,200.59,210.19,2415900.0,22.0,-3.5764072489544767,-103.43778811840106
2023-03-23,peri,2023-03-24,38.35,2023-03-27,38.55,38.21,1104200.0,0.0,0.5215123859191545,-102.9162757324819
2023-03-23,hlit,2023-03-24,13.89,2023-03-27,14.16,13.98,1401500.0,0.0,1.9438444924406015,-100.9724312400413
2023-03-23,manu,2023-03-24,23.86,2023-03-28,22.22,23.76,3231200.0,1.0,-6.873428331936298,-107.8458595719776
2023-03-23,aso,2023-03-24,63.45,2023-03-29,64.19,63.97,1405600.0,2.0,1.1662726556343497,-106.67958691634325
2023-03-23,agi,2023-03-24,11.69,2023-04-03,12.27,11.59,5005000.0,5.0,4.961505560307956,-101.7180813560353
2023-03-23,vips,2023-03-24,15.29,2023-04-03,15.09,15.32,4035400.0,5.0,-1.3080444735120949,-103.0261258295474
2023-03-23,tcom,2023-03-24,36.99,2023-03-27,36.03,37.39,3379900.0,0.0,-2.5952960259529623,-105.62142185550036
2023-03-23,smci,2023-03-24,112.82,2023-04-06,99.84,114.0,2062000.0,8.0,-11.505052295692245,-117.12647415119261
2023-03-24,lly,2023-03-27,327.8,2023-03-28,335.8,336.13,2791900.0,0.0,2.440512507626601,-114.685961643566
2023-03-24,vrtx,2023-03-27,314.68,2023-03-31,313.0,314.39,2376600.0,3.0,-0.5338756832337634,-115.21983732679976
2023-03-24,rmbs,2023-03-27,44.56,2023-03-28,45.12,44.34,1069200.0,0.0,1.2567324955116588,-113.9631048312881
2023-03-24,elf,2023-03-27,78.53,2023-03-28,79.39,78.48,1390200.0,0.0,1.0951228829746587,-112.86798194831344
2023-03-27,fwonk,2023-03-28,73.47,2023-03-30,74.46,73.68,1012627.0,1.0,1.347488770926902,-111.52049317738654
2023-03-27,bj,2023-03-28,75.46,2023-03-31,75.11,75.16,1878700.0,2.0,-0.46382189239331345,-111.98431506977985
2023-03-27,cprx,2023-03-28,16.63,2023-04-21,16.4,16.44,1190700.0,16.0,-1.3830426939266414,-113.3673577637065
2023-03-27,sfm,2023-03-28,33.97,2023-03-30,34.11,34.08,1343900.0,1.0,0.41212834854283364,-112.95522941516366
2023-03-28,sgml,2023-03-29,37.07,2023-03-30,38.59,36.95,2212100.0,0.0,4.100350687887788,-108.85487872727587
2023-03-29,mpc,2023-03-30,135.02,2023-04-05,125.5,134.08,4418800.0,3.0,-7.05080728780922,-115.9056860150851
2023-03-29,calm,2023-03-30,58.0,2023-04-04,61.02,57.96,3381400.0,2.0,5.206896551724143,-110.69878946336095
2023-03-29,tko,2023-03-30,89.26,2023-04-17,104.8,89.32,1224100.0,10.0,17.409814026439605,-93.28897543692135
2023-03-30,cah,2023-03-31,75.27,2023-04-11,79.9,75.35,1696300.0,5.0,6.15118905274347,-87.13778638417787
2023-03-30,apls,2023-03-31,66.54,2023-05-16,82.5,66.02,1259100.0,30.0,23.98557258791703,-63.15221379626084
2023-03-31,lnth,2023-04-03,82.09,2023-04-04,82.8,82.56,1126900.0,0.0,0.8649043732488655,-62.287309423011976
2023-03-31,elf,2023-04-03,81.84,2023-04-04,83.19,82.35,1399800.0,0.0,1.6495601173020458,-60.63774930570993
2023-04-03,vlo,2023-04-04,136.55,2023-04-05,127.61,138.53,6276100.0,0.0,-6.547052361772253,-67.18480166748219
2023-04-03,xom,2023-04-04,116.26,2023-05-03,109.08,116.13,28087700.0,19.0,-6.175812833304668,-73.36061450078685
2023-04-03,rvnc,2023-04-04,33.8,2023-04-05,33.11,33.79,1091000.0,0.0,-2.0414201183431886,-75.40203461913003
2023-04-04,hes,2023-04-05,141.5,2023-04-19,144.05,140.92,1697700.0,8.0,1.8021201413427643,-73.59991447778727
2023-04-04,hlit,2023-04-05,14.46,2023-04-18,15.57,14.55,1011700.0,7.0,7.676348547717837,-65.92356593006943
2023-04-04,calm,2023-04-05,57.0,2023-04-06,55.6,56.86,1465300.0,0.0,-2.4561403508771904,-68.37970628094662
2023-04-05,mpc,2023-04-06,132.95,2023-04-20,125.06,132.71,6391300.0,8.0,-5.934561865362909,-74.31426814630953
2023-04-05,extr,2023-04-06,18.66,2023-04-12,19.06,19.02,1289900.0,2.0,2.14362272240085,-72.17064542390868
2023-04-10,vist,2023-04-11,21.5,2023-04-12,21.55,21.2,1179700.0,0.0,0.23255813953488702,-71.9380872843738
2023-04-11,ypf,2023-04-12,12.51,2023-04-24,11.44,12.41,2158300.0,7.0,-8.553157474020786,-80.49124475839457
2023-04-11,vrna,2023-04-12,21.45,2023-04-13,21.51,21.29,1281300.0,0.0,0.27972027972029034,-80.21152447867428
2023-04-12,smci,2023-04-13,108.13,2023-04-17,109.15,108.11,1495400.0,1.0,0.9433089799315734,-79.2682154987427
2023-04-14,axsm,2023-04-17,68.99,2023-04-19,72.85,68.5,1255700.0,1.0,5.59501377011161,-73.6732017286311
2023-04-14,elf,2023-04-17,90.05,2023-04-18,91.55,90.14,1076300.0,0.0,1.6657412548584118,-72.00746047377268
2023-04-17,stng,2023-04-18,59.8,2023-04-20,59.83,59.6,1139700.0,1.0,0.05016722408026946,-71.95729324969241
2023-04-17,asc,2023-04-18,16.83,2023-04-19,16.73,16.64,1388900.0,0.0,-0.5941770647652875,-72.5514703144577
2023-04-18,vrna,2023-04-19,21.84,2023-04-20,22.01,22.0,1907000.0,0.0,0.7783882783882862,-71.77308203606941
2023-04-18,smci,2023-04-19,113.5,2023-04-25,97.99,115.88,1525100.0,3.0,-13.665198237885468,-85.43828027395487
2023-04-18,lnth,2023-04-19,90.79,2023-04-20,89.27,90.79,1151100.0,0.0,-1.67419319308295,-87.11247346703783
2023-04-19,edu,2023-04-20,44.59,2023-05-02,42.99,42.71,4574500.0,7.0,-3.588248486207673,-90.7007219532455
2023-04-19,hes,2023-04-20,143.26,2023-05-03,134.88,144.94,1681000.0,8.0,-5.849504397598769,-96.55022635084427
2023-04-19,pcvx,2023-04-20,45.68,2023-04-27,41.98,45.79,5848700.0,4.0,-8.099824868651496,-104.65005121949577
2023-04-19,arry,2023-04-20,20.35,2023-04-27,20.68,21.03,2225700.0,4.0,1.621621621621613,-103.02842959787415
2023-04-20,elf,2023-04-21,95.68,2023-04-24,96.61,95.33,1025900.0,0.0,0.9719899665551762,-102.05643963131898
2023-04-21,akro,2023-04-24,46.05,2023-04-25,44.72,46.3,1693800.0,0.0,-2.888165038002168,-104.94460466932115
2023-04-21,tmdx,2023-04-24,89.36,2023-04-25,85.92,88.73,2077100.0,0.0,-3.8495971351835245,-108.79420180450468
2023-04-24,ypf,2023-04-25,11.32,2023-04-26,11.31,11.43,1504500.0,0.0,-0.0883392226148391,-108.88254102711952
2023-04-24,eurn,2023-04-25,17.59,2023-04-26,17.28,17.83,1349300.0,0.0,-1.7623649801023236,-110.64490600722183
2023-04-24,elf,2023-04-25,94.3,2023-04-27,93.68,94.84,1265200.0,1.0,-0.6574761399787808,-111.30238214720062
2023-04-25,agi,2023-04-26,12.96,2023-05-03,13.52,12.82,1820600.0,4.0,4.3209876543209775,-106.98139449287964
2023-04-25,hims,2023-04-26,11.22,2023-05-10,10.76,11.19,3386800.0,9.0,-4.099821746880577,-111.08121623976022
2023-04-26,wfrd,2023-04-27,62.28,2023-04-28,63.3,61.76,1510800.0,0.0,1.6377649325626142,-109.4434513071976
2023-04-26,pcar,2023-04-27,73.28,2023-05-02,74.07,73.1,4119200.0,2.0,1.078056768558941,-108.36539453863867
2023-04-26,lvs,2023-04-27,62.21,2023-05-10,62.57,61.8,3583400.0,8.0,0.5786850988587035,-107.78670943977997
2023-04-26,lnth,2023-04-27,84.89,2023-04-28,84.52,84.89,1672200.0,0.0,-0.4358581693956939,-108.22256760917567
2023-04-27,wnc,2023-04-28,25.88,2023-05-01,25.85,25.99,1154200.0,0.0,-0.11591962905717769,-108.33848723823284
2023-04-27,oi,2023-04-28,22.51,2023-05-01,22.75,22.65,1386600.0,0.0,1.0661928031985715,-107.27229443503427
2023-04-28,vktx,2023-05-01,21.39,2023-05-03,21.31,21.31,3504700.0,1.0,-0.3740065451145481,-107.64630098014882
2023-04-28,pcvx,2023-05-01,43.0,2023-05-05,49.79,42.83,1366600.0,3.0,15.790697674418603,-91.85560330573023
2023-05-01,imvt,2023-05-02,17.53,2023-05-05,18.99,17.62,1313200.0,2.0,8.328579577866499,-83.52702372786374
2023-05-01,unm,2023-05-02,41.44,2023-05-12,43.76,41.83,1807300.0,7.0,5.5984555984556,-77.92856812940813
2023-05-02,edu,2023-05-03,42.07,2023-05-05,41.0,42.15,2511600.0,1.0,-2.5433800808176854,-80.47194821022582
2023-05-02,lpg,2023-05-03,21.9,2023-05-04,21.78,21.88,1049500.0,0.0,-0.5479452054794405,-81.01989341570525
2023-05-02,lly,2023-05-03,415.03,2023-05-09,431.77,404.2,3884600.0,3.0,4.033443365539843,-76.98645005016542
2023-05-02,ptct,2023-05-03,55.06,2023-05-04,55.2,54.97,1088700.0,0.0,0.25426807119506095,-76.73218197897036
2023-05-03,akro,2023-05-04,44.9,2023-05-05,45.0,45.02,1121700.0,0.0,0.22271714922049313,-76.50946482974987
2023-05-03,elf,2023-05-04,92.41,2023-05-05,89.5,92.47,1302100.0,0.0,-3.149009847419107,-79.65847467716898
2023-05-04,acgl,2023-05-05,73.25,2023-05-12,77.79,72.92,3000600.0,4.0,6.197952218430043,-73.46052245873894
2023-05-04,lnth,2023-05-05,96.19,2023-05-10,98.49,94.86,3415200.0,2.0,2.3911009460442845,-71.06942151269465
2023-05-04,vips,2023-05-05,15.07,2023-05-08,14.9,15.0,5090400.0,0.0,-1.1280690112806897,-72.19749052397533
2023-05-04,smci,2023-05-05,138.2,2023-05-15,136.0,136.4,2122800.0,5.0,-1.5918958031837835,-73.78938632715912
2023-05-04,vktx,2023-05-05,21.91,2023-05-19,23.28,21.67,2329800.0,9.0,6.2528525787311775,-67.53653374842794
2023-05-05,imvt,2023-05-08,19.17,2023-05-09,19.16,19.2,1113500.0,0.0,-0.052164840897243415,-67.58869858932519
2023-05-08,edu,2023-05-09,40.51,2023-05-10,40.49,41.95,2032500.0,0.0,-0.04937052579608991,-67.63806911512128
2023-05-08,axsm,2023-05-09,77.73,2023-05-11,80.99,77.73,2774100.0,1.0,4.194004888717343,-63.44406422640394
2023-05-09,th,2023-05-10,14.4,2023-05-11,13.81,14.23,1415000.0,0.0,-4.0972222222222205,-67.54128644862615
2023-05-09,fti,2023-05-10,14.27,2023-05-17,13.61,14.13,6554800.0,4.0,-4.625087596355993,-72.16637404498215
2023-05-09,rvnc,2023-05-10,33.95,2023-05-18,31.88,37.61,2678500.0,5.0,-6.097201767304871,-78.26357581228702
2023-05-09,elf,2023-05-10,87.05,2023-05-11,88.5,86.55,1032900.0,0.0,1.6657093624353851,-76.59786644985164
2023-05-10,tmdx,2023-05-11,78.01,2023-05-12,77.07,78.28,1017800.0,0.0,-1.2049737213177951,-77.80284017116944
2023-05-10,hlit,2023-05-11,16.09,2023-05-17,16.34,16.08,2996200.0,3.0,1.5537600994406464,-76.24908007172878
2023-05-10,etnb,2023-05-11,18.06,2023-05-15,17.91,18.12,1264200.0,1.0,-0.8305647840531484,-77.07964485578194
2023-05-11,maxn,2023-05-12,36.7,2023-05-16,32.98,36.36,5855500.0,1.0,-10.136239782016364,-87.2158846377983
2023-05-11,vips,2023-05-12,15.8,2023-05-19,14.76,16.06,5395000.0,4.0,-6.582278481012664,-93.79816311881096
2023-05-11,agi,2023-05-12,13.27,2023-05-19,12.7,13.25,2437300.0,4.0,-4.295403165033913,-98.09356628384488
2023-05-12,fslr,2023-05-15,228.08,2023-05-22,205.52,231.69,23871100.0,4.0,-9.891266222378112,-107.98483250622299
2023-05-12,th,2023-05-15,15.34,2023-05-16,15.32,15.34,1282400.0,0.0,-0.13037809647978862,-108.11521060270277
2023-05-15,sgml,2023-05-16,40.85,2023-05-17,40.7,40.91,1030400.0,0.0,-0.3671970624234971,-108.48240766512627
2023-05-15,srpt,2023-05-16,153.79,2023-05-23,149.0,157.19,7881500.0,4.0,-3.114636842447488,-111.59704450757376
2023-05-15,smci,2023-05-16,137.83,2023-06-14,243.17,137.84,1001900.0,19.0,76.42748313139373,-35.16956137618003
2023-05-16,pcvx,2023-05-17,47.95,2023-05-18,47.6,48.25,1050000.0,0.0,-0.729927007299273,-35.8994883834793
2023-05-16,akro,2023-05-17,46.89,2023-05-18,46.5,46.4,1050600.0,0.0,-0.831733845169547,-36.731222228648846
2023-05-16,th,2023-05-17,15.94,2023-05-18,16.14,15.88,1037500.0,0.0,1.2547051442910984,-35.476517084357745
2023-05-17,rmbs,2023-05-18,55.71,2023-06-26,59.36,53.55,2027200.0,24.0,6.551786034823189,-28.924731049534557
2023-05-17,arry,2023-05-18,23.08,2023-06-06,23.05,22.68,2423500.0,11.0,-0.1299826689774592,-29.054713718512016
2023-05-17,extr,2023-05-18,17.56,2023-06-20,24.81,17.76,2050900.0,20.0,41.287015945330296,12.23230222681828
2023-05-17,imvt,2023-05-18,21.17,2023-05-22,21.37,21.12,2910900.0,1.0,0.9447331128956035,13.177035339713884
2023-05-18,akro,2023-05-19,46.06,2023-05-22,45.86,45.6,1017500.0,0.0,-0.43421623968737044,12.742819100026514
2023-05-18,apls,2023-05-19,88.45,2023-05-23,87.26,87.5,1346300.0,1.0,-1.3453928773318233,11.39742622269469
2023-05-18,aehr,2023-05-19,31.97,2023-05-23,32.04,31.89,1405800.0,1.0,0.21895527056615666,11.616381493260848
2023-05-19,tgls,2023-05-22,44.16,2023-05-23,45.73,43.97,1077200.0,0.0,3.555253623188407,15.171635116449256
2023-05-19,fti,2023-05-22,13.92,2023-06-01,13.16,13.88,6962800.0,6.0,-5.459770114942527,9.711865001506728
2023-05-19,acgl,2023-05-22,75.97,2023-05-25,71.62,76.02,2176000.0,2.0,-5.7259444517572655,3.985920549749463
2023-05-22,imvt,2023-05-23,23.89,2023-05-30,20.96,23.75,3078000.0,3.0,-12.264545835077437,-8.278625285327973
2023-05-22,vktx,2023-05-23,24.48,2023-05-24,22.7,24.35,3246100.0,0.0,-7.271241830065364,-15.549867115393337
2023-05-22,vygr,2023-05-23,13.48,2023-05-24,12.27,13.85,1158700.0,0.0,-8.976261127596445,-24.52612824298978
2023-05-22,celh,2023-05-23,43.9,2023-06-20,48.14,43.74,3069000.0,17.0,9.658314350797271,-14.86781389219251
2023-05-23,srpt,2023-05-24,134.74,2023-05-25,129.3,146.91,1299800.0,0.0,-4.037405373311561,-18.905219265504073
2023-05-23,akro,2023-05-24,44.41,2023-05-25,43.86,44.34,1006100.0,0.0,-1.2384598063499148,-20.143679071853988
2023-05-24,lly,2023-05-25,426.38,2023-06-02,439.96,425.77,3133000.0,4.0,3.1849523898869516,-16.958726681967036
2023-05-24,ne,2023-05-25,39.36,2023-06-01,37.92,39.99,1453900.0,3.0,-3.658536585365848,-20.617263267332884
2023-05-24,ypf,2023-05-25,11.15,2023-05-26,11.29,11.38,1310700.0,0.0,1.2556053811659085,-19.361657886166977
2023-05-25,elf,2023-05-26,103.33,2023-06-02,103.24,104.15,4106900.0,3.0,-0.0870995838575471,-19.448757470024525
2023-05-26,etnb,2023-05-30,17.9,2023-06-09,20.12,17.69,1005400.0,7.0,12.402234636871523,-7.046522833153002
2023-05-31,imvt,2023-06-01,21.0,2023-06-02,20.82,21.01,2158800.0,0.0,-0.8571428571428558,-7.903665690295858
2023-05-31,hlit,2023-06-01,17.59,2023-06-02,17.64,17.61,2903700.0,0.0,0.28425241614554125,-7.619413274150316
2023-06-01,aehr,2023-06-02,39.19,2023-06-09,43.4,38.53,2373700.0,4.0,10.742536361316665,3.1231230871663485
2023-06-01,fti,2023-06-02,14.23,2023-08-22,18.36,14.02,3822100.0,54.0,29.023190442726627,32.14631352989298
2023-06-01,ypf,2023-06-02,11.52,2023-06-05,11.71,11.3,1555700.0,0.0,1.6493055555555667,33.79561908544854
2023-06-01,fslr,2023-06-02,211.76,2023-06-07,196.24,208.74,1509500.0,2.0,-7.329051756705695,26.466567328742848
2023-06-02,elf,2023-06-05,103.25,2023-06-06,104.63,105.19,1356700.0,0.0,1.3365617433413999,27.803129072084246
2023-06-05,akro,2023-06-06,52.07,2023-06-07,53.83,52.02,1481500.0,0.0,3.3800652967159555,31.1831943688002
2023-06-05,aldx,2023-06-06,11.396,2023-06-07,11.31,11.35,1056000.0,0.0,-0.7546507546507571,30.428543614149444
2023-06-06,ypf,2023-06-07,12.54,2023-07-19,15.53,12.46,2384300.0,27.0,23.843700159489636,54.272243773639076
2023-06-06,imvt,2023-06-07,21.44,2023-06-08,21.3,21.04,1150000.0,0.0,-0.6529850746268683,53.61925869901221
2023-06-06,tmdx,2023-06-07,80.0,2023-06-08,79.7,79.4,1129500.0,0.0,-0.37499999999999645,53.24425869901221
2023-06-07,wfrd,2023-06-08,64.77,2023-06-09,65.05,64.77,1277800.0,0.0,0.4322989038134957,53.6765576028257
2023-06-07,edu,2023-06-08,42.44,2023-06-13,41.07,41.09,1344300.0,2.0,-3.228086710650324,50.44847089217538
2023-06-08,arry,2023-06-09,22.96,2023-06-13,22.74,22.8,2635700.0,1.0,-0.9581881533101151,49.49028273886526
2023-06-08,bmea,2023-06-09,41.8,2023-06-13,40.15,41.8,1558600.0,1.0,-3.9473684210526288,45.54291431781263
2023-06-08,tmdx,2023-06-09,80.39,2023-06-13,82.5,80.01,1280800.0,1.0,2.624704565244433,48.16761888305707
2023-06-12,aldx,2023-06-13,10.69,2023-06-15,10.72,10.61,1230700.0,1.0,0.28063610851263926,48.448254991569705
2023-06-12,inta,2023-06-13,49.74,2023-06-14,48.54,48.47,1482900.0,0.0,-2.412545235223166,46.03570975634654
2023-06-12,etnb,2023-06-13,22.31,2023-06-16,20.89,21.19,1211800.0,2.0,-6.364858807709539,39.670850948637
2023-06-12,hlit,2023-06-13,18.04,2023-06-16,17.75,18.04,1041200.0,2.0,-1.6075388026607493,38.063312145976255
2023-06-13,imvt,2023-06-14,21.83,2023-06-15,21.24,21.79,1075500.0,0.0,-2.702702702702702,35.36060944327355
2023-06-13,elf,2023-06-14,102.13,2023-06-15,102.28,102.51,1308400.0,0.0,0.146871634191722,35.50748107746527
2023-06-14,fro,2023-06-15,15.32,2023-06-21,15.14,15.74,6127100.0,2.0,-1.174934725848562,34.33254635161671
2023-06-14,axsm,2023-06-15,80.9,2023-06-21,86.0,80.91,3263800.0,2.0,6.304079110012354,40.636625461629066
2023-06-14,vist,2023-06-15,22.58,2023-06-20,24.16,22.51,1168300.0,1.0,6.997342781222329,47.633968242851395
2023-06-15,sgml,2023-06-16,40.21,2023-06-20,38.64,39.63,1046400.0,0.0,-3.9045013678189506,43.72946687503244
2023-06-15,edu,2023-06-16,42.49,2023-06-21,39.0,42.0,1346100.0,1.0,-8.213697340550723,35.51576953448172
2023-06-16,etnb,2023-06-20,20.01,2023-06-22,18.95,20.01,3900400.0,1.0,-5.297351324337842,30.218418210143877
2023-06-16,aehr,2023-06-20,38.69,2023-06-21,39.38,39.4,1095700.0,0.0,1.7834065650038897,32.00182477514777
2023-06-16,akro,2023-06-20,54.45,2023-06-21,52.41,54.6,1501600.0,0.0,-3.7465564738292123,28.255268301318555
2023-06-16,elf,2023-06-20,105.54,2023-06-27,108.0,104.08,1508000.0,4.0,2.3308698123933995,30.586138113711954
2023-06-20,aldx,2023-06-21,5.55,2023-06-22,7.9,10.64,1683300.0,0.0,42.342342342342356,72.9284804560543
2023-06-20,ati,2023-06-21,40.13,2023-06-23,39.41,40.36,1523000.0,1.0,-1.7941689509095589,71.13431150514474
2023-06-20,extr,2023-06-21,24.45,2023-07-25,27.02,24.6,1630400.0,22.0,10.511247443762782,81.64555894890752
2023-06-20,manu,2023-06-21,22.53,2023-07-05,24.43,22.5,2378400.0,8.0,8.43320017754105,90.07875912644857
2023-06-20,celh,2023-06-21,47.0,2023-08-02,46.75,47.12,2856000.0,28.0,-0.5319148936170213,89.54684423283155
2023-06-21,fro,2023-06-22,15.08,2023-06-23,14.38,15.19,2667200.0,0.0,-4.641909814323602,84.90493441850795
2023-06-21,vist,2023-06-22,24.54,2023-06-23,23.24,24.75,1042400.0,0.0,-5.29747351263244,79.60746090587551
2023-06-22,hlit,2023-06-23,17.43,2023-06-26,16.65,17.78,1114300.0,0.0,-4.475043029259903,75.1324178766156
2023-06-22,etnb,2023-06-23,19.73,2023-06-28,18.39,20.07,1126900.0,2.0,-6.7916877850988335,68.34073009151678
2023-06-22,avdl,2023-06-23,14.29,2023-06-26,13.51,15.25,1597300.0,0.0,-5.45836249125262,62.88236760026415
2023-06-23,akro,2023-06-26,50.34,2023-06-27,45.33,50.83,3119900.0,0.0,-9.952324195470808,52.930043404793345
2023-06-23,aehr,2023-06-26,40.18,2023-06-27,38.3,39.95,4228500.0,0.0,-4.678944748631166,48.25109865616218
2023-06-23,belfb,2023-06-26,55.15,2023-06-27,54.15,55.48,1877200.0,0.0,-1.813236627379873,46.437862028782305
2023-06-26,tko,2023-06-27,105.48,2023-06-29,107.93,105.2,1034300.0,1.0,2.322715206674254,48.76057723545656
2023-06-26,caba,2023-06-27,13.95,2023-06-28,11.94,13.95,1155500.0,0.0,-14.408602150537634,34.35197508491893
2023-06-26,mltx,2023-06-27,47.21,2023-06-29,52.0,45.95,10435400.0,1.0,10.146155475534842,44.49813056045377
2023-06-26,wfrd,2023-06-27,65.25,2023-06-28,65.13,65.22,1014100.0,0.0,-0.18390804597701846,44.31422251447675
2023-06-27,vips,2023-06-28,16.54,2023-07-06,15.99,16.78,2126100.0,4.0,-3.325272067714625,40.98895044676212
2023-06-27,tgls,2023-06-28,51.12,2023-06-29,51.5,50.81,1025000.0,0.0,0.7433489827856075,41.73229942954772
2023-06-27,mnso,2023-06-28,17.2,2023-06-29,16.79,17.32,1112100.0,0.0,-2.383720930232559,39.34857849931517
2023-06-28,ati,2023-06-29,41.51,2023-07-14,46.45,41.59,1078900.0,9.0,11.900746807998084,51.24932530731325
2023-06-28,tcom,2023-06-29,34.4,2023-06-30,34.7,34.92,2523900.0,0.0,0.8720930232558264,52.12141833056908
2023-06-28,pr,2023-06-29,10.85,2023-07-11,11.15,10.76,9873200.0,6.0,2.7649769585253523,54.88639528909443
2023-06-28,atec,2023-06-29,18.03,2023-07-05,17.51,18.03,3268900.0,2.0,-2.8840820854131977,52.00231320368123
2023-06-29,wfrd,2023-06-30,66.23,2023-07-03,66.52,65.41,1529200.0,0.0,0.4378680356333867,52.44018123931462
2023-06-30,elf,2023-07-03,114.76,2023-07-05,113.64,114.23,2188100.0,0.0,-0.9759498082955773,51.464231431019044
2023-07-03,vtyx,2023-07-05,40.13,2023-07-07,36.95,40.3,3186700.0,1.0,-7.924246199850485,43.53998523116856
2023-07-03,avdl,2023-07-05,15.38,2023-07-07,14.9,15.12,1081900.0,1.0,-3.1209362808842678,40.41904895028429
2023-07-03,mlco,2023-07-05,12.63,2023-07-06,12.0,12.7,1180900.0,0.0,-4.988123515439436,35.43092543484486
2023-07-05,opra,2023-07-06,24.0,2023-07-17,19.92,23.46,3529900.0,6.0,-16.999999999999993,18.430925434844866
2023-07-05,elf,2023-07-06,113.54,2023-07-07,111.1,114.37,1336700.0,0.0,-2.1490223709705933,16.281903063874275
2023-07-06,atec,2023-07-07,17.22,2023-07-10,17.36,17.2,1129100.0,0.0,0.8130081300813042,17.09491119395558
2023-07-06,algm,2023-07-07,43.99,2023-07-10,44.06,43.7,1232500.0,0.0,0.1591270743350768,17.254038268290657
2023-07-06,manu,2023-07-07,24.21,2023-07-10,24.09,24.31,1336500.0,0.0,-0.4956629491945518,16.758375319096103
2023-07-07,tdw,2023-07-10,58.22,2023-07-11,59.0,58.61,2130200.0,0.0,1.3397457918241173,18.09812111092022
2023-07-07,aso,2023-07-10,55.58,2023-07-12,58.16,55.39,1374000.0,1.0,4.641957538682977,22.7400786496032
2023-07-07,wfrd,2023-07-10,69.97,2023-07-11,71.98,69.62,1007400.0,0.0,2.872659711304852,25.61273836090805
2023-07-10,avdl,2023-07-11,16.03,2023-07-12,15.71,15.99,1052900.0,0.0,-1.996257018091081,23.616481342816968
2023-07-10,edu,2023-07-11,44.12,2023-07-14,45.73,44.3,2523300.0,2.0,3.6491387126019936,27.26562005541896
2023-07-10,smci,2023-07-11,275.17,2023-08-10,265.42,269.93,2511200.0,21.0,-3.543264163971363,23.7223558914476
2023-07-11,rmbs,2023-07-12,62.04,2023-07-13,61.76,61.14,1100900.0,0.0,-0.4513217279174744,23.271034163530125
2023-07-11,wfrd,2023-07-12,75.48,2023-07-13,74.46,74.63,1041000.0,0.0,-1.3513513513513649,21.91968281217876
2023-07-12,aehr,2023-07-13,40.32,2023-07-21,48.45,39.89,1403900.0,5.0,20.16369047619048,42.083373288369245
2023-07-12,vist,2023-07-13,26.8,2023-07-20,26.9,26.69,1216300.0,4.0,0.37313432835820104,42.45650761672744
2023-07-13,mnso,2023-07-14,19.33,2023-07-17,18.74,19.4,1099700.0,0.0,-3.05225038799793,39.40425722872951
2023-07-13,fslr,2023-07-14,198.31,2023-07-17,192.0,196.95,1375700.0,0.0,-3.1818869446825686,36.222370284046946
2023-07-14,edu,2023-07-17,44.76,2023-07-18,44.93,45.65,1740500.0,0.0,0.3798033958891906,36.602173679936136
2023-07-14,tdw,2023-07-17,59.6,2023-07-18,59.61,59.8,1393700.0,0.0,0.01677852348992955,36.61895220342607
2023-07-14,mod,2023-07-17,37.41,2023-07-18,37.21,37.69,1018300.0,0.0,-0.5346164127238593,36.08433579070221
2023-07-17,fro,2023-07-18,15.15,2023-07-20,15.02,15.15,1391200.0,1.0,-0.8580858085808633,35.22624998212135
2023-07-17,fslr,2023-07-18,206.27,2023-08-03,193.57,206.71,2568700.0,11.0,-6.156978717215308,29.069271264906043
2023-07-17,imvt,2023-07-18,23.77,2023-07-21,23.07,23.13,3699000.0,2.0,-2.9448885149347888,26.124382749971254
2023-07-18,tdw,2023-07-19,59.84,2023-07-21,58.52,60.7,1085500.0,1.0,-2.205882352941177,23.918500397030076
2023-07-19,hrow,2023-07-20,22.18,2023-07-21,21.4,21.53,3442900.0,0.0,-3.5166816952209254,20.40181870180915
2023-07-19,elf,2023-07-20,113.04,2023-07-21,114.8,113.63,1268900.0,0.0,1.5569709837225678,21.95878968553172
2023-07-20,agi,2023-07-21,12.42,2023-07-26,12.37,12.48,3045800.0,2.0,-0.40257648953301695,21.5562131959987
2023-07-20,mlco,2023-07-21,13.07,2023-08-04,12.75,12.96,1619700.0,9.0,-2.448355011476666,19.107858184522037
2023-07-20,vips,2023-07-21,16.96,2023-08-14,16.51,16.72,1523200.0,15.0,-2.6533018867924483,16.45455629772959
2023-07-20,algm,2023-07-21,50.58,2023-08-02,45.0,49.63,1949700.0,7.0,-11.032028469750886,5.422527827978703
2023-07-20,roiv,2023-07-21,11.15,2023-08-07,11.76,11.13,4217900.0,10.0,5.470852017937214,10.893379845915916
2023-07-24,imvt,2023-07-25,21.64,2023-07-26,21.63,21.87,1181400.0,0.0,-0.04621072088725306,10.847169125028664
2023-07-25,elf,2023-07-26,113.36,2023-07-27,114.0,114.1,1577000.0,0.0,0.5645730416372623,11.411742166665926
2023-07-25,aehr,2023-07-26,51.0,2023-07-27,52.82,51.88,1587800.0,0.0,3.5686274509803924,14.980369617646318
2023-07-26,edu,2023-07-27,52.8,2023-08-16,50.0,51.51,3641200.0,13.0,-5.303030303030297,9.67733931461602
2023-07-26,ypf,2023-07-27,15.39,2023-08-03,14.26,15.4,1010800.0,4.0,-7.342430149447699,2.3349091651683214
2023-08-01,extr,2023-08-02,28.05,2023-08-18,27.14,27.85,3372600.0,11.0,-3.2442067736185387,-0.9092976084502173
2023-08-01,aehr,2023-08-02,52.5,2023-08-03,49.33,53.69,1145400.0,0.0,-6.038095238095241,-6.947392846545458
2023-08-02,mnso,2023-08-03,20.5,2023-08-04,20.81,20.11,1448700.0,0.0,1.5121951219512133,-5.435197724594245
2023-08-02,wfrd,2023-08-03,83.66,2023-08-04,84.0,82.88,1187200.0,0.0,0.40640688501076194,-5.028790839583483
2023-08-02,elf,2023-08-03,133.2,2023-08-09,130.81,133.19,4262900.0,3.0,-1.794294294294284,-6.8230851338777665
2023-08-03,tdw,2023-08-04,64.8,2023-08-07,64.6,64.75,1223700.0,0.0,-0.3086419753086464,-7.1317271091864125
2023-08-03,tnk,2023-08-04,44.46,2023-08-07,43.88,44.08,1010500.0,0.0,-1.3045434098065638,-8.436270518992977
2023-08-03,mod,2023-08-04,43.02,2023-08-08,43.87,43.24,1630700.0,1.0,1.9758251975825063,-6.460445321410471
2023-08-04,pbf,2023-08-07,45.58,2023-08-31,47.61,45.24,2703200.0,17.0,4.4537077665642855,-2.006737554846185
2023-08-04,fro,2023-08-07,17.42,2023-09-06,16.67,17.24,1546200.0,20.0,-4.305396096440872,-6.312133651287057
2023-08-04,mlco,2023-08-07,13.05,2023-08-08,12.77,12.86,2067900.0,0.0,-2.145593869731809,-8.457727521018867
2023-08-07,mnso,2023-08-08,20.0,2023-08-09,20.45,20.52,1151000.0,0.0,2.2499999999999964,-6.207727521018871
2023-08-07,tdw,2023-08-08,57.3,2023-08-09,64.06,62.48,1114700.0,0.0,11.797556719022698,5.589829198003827
2023-08-08,strl,2023-08-09,75.0,2023-08-11,80.11,75.58,1609600.0,1.0,6.813333333333333,12.40316253133716
2023-08-08,parr,2023-08-09,35.32,2023-08-17,34.81,35.06,1435300.0,5.0,-1.443941109852769,10.95922142148439
2023-08-08,imvt,2023-08-09,20.79,2023-08-10,20.82,21.77,1083700.0,0.0,0.14430014430014976,11.10352156578454
2023-08-09,tdw,2023-08-10,64.15,2023-08-11,62.92,64.47,1130500.0,0.0,-1.9173811379579173,9.186140427826622
2023-08-09,mod,2023-08-10,46.78,2023-08-11,45.7,46.86,1077800.0,0.0,-2.3086789226164988,6.877461505210123
2023-08-10,elf,2023-08-11,132.93,2023-08-14,133.75,133.22,1116200.0,0.0,0.6168660197096164,7.494327524919739
2023-08-10,celh,2023-08-11,57.57,2023-09-21,59.41,57.66,6925500.0,27.0,3.1961090845926634,10.690436609512403
2023-08-10,imvt,2023-08-11,22.44,2023-08-14,22.05,22.32,1143900.0,0.0,-1.7379679144385052,8.952468695073899
2023-08-11,rely,2023-08-14,23.65,2023-08-15,23.07,23.79,1750000.0,0.0,-2.4524312896405847,6.500037405433314
2023-08-11,arry,2023-08-14,23.13,2023-08-17,20.75,23.59,5040700.0,2.0,-10.289667099005618,-3.7896296935723033
2023-08-11,mnso,2023-08-14,18.93,2023-08-17,20.6,19.12,1425000.0,2.0,8.821975699947183,5.03234600637488
2023-08-14,manu,2023-08-15,23.87,2023-08-17,23.19,24.18,2267300.0,1.0,-2.848764139086718,2.1835818672881615
2023-08-15,ge,2023-08-16,90.77,2023-08-17,90.97,90.86,4276614.0,0.0,0.22033711578715748,2.403918983075319
2023-08-16,phm,2023-08-17,82.95,2023-08-18,78.14,82.56,2196100.0,0.0,-5.798673899939725,-3.3947549168644064
2023-08-16,tcom,2023-08-17,40.04,2023-08-21,37.43,39.35,3879800.0,1.0,-6.518481518481517,-9.913236435345922
2023-08-16,nvo,2023-08-17,92.89,2023-09-01,93.96,92.32,3158200.0,10.0,1.1519000968887858,-8.761336338457136
2023-08-16,tdw,2023-08-17,62.08,2023-08-21,61.57,61.09,1004900.0,1.0,-0.8215206185566978,-9.582856957013833
2023-08-16,vrt,2023-08-17,33.79,2023-09-06,39.2,33.74,5438200.0,12.0,16.010654039656714,6.427797082642881
2023-08-17,chx,2023-08-18,34.51,2023-08-22,35.38,34.91,1039900.0,1.0,2.521008403361358,8.94880548600424
2023-08-17,edu,2023-08-18,50.13,2023-08-24,55.33,51.88,1455900.0,3.0,10.373030121683612,19.321835607687852
2023-08-18,extr,2023-08-21,28.25,2023-08-24,28.65,28.17,1765100.0,2.0,1.4159292035398179,20.73776481122767
2023-08-18,mod,2023-08-21,41.65,2023-08-22,43.0,41.29,1075100.0,0.0,3.2412965186074465,23.979061329835115
2023-08-21,ftai,2023-08-22,35.25,2023-08-24,36.35,34.94,1293200.0,1.0,3.120567375886529,27.099628705721646
2023-08-21,rely,2023-08-22,25.0,2023-08-25,24.47,24.45,1472500.0,2.0,-2.1200000000000045,24.97962870572164
2023-08-21,idya,2023-08-22,26.91,2023-08-23,28.03,26.92,1120300.0,0.0,4.162021553325905,29.141650259047545
2023-08-22,mod,2023-08-23,44.87,2023-08-24,46.3,44.56,1007100.0,0.0,3.186984622242032,32.328634881289574
2023-08-23,parr,2023-08-24,35.68,2023-08-25,36.06,35.82,1364200.0,0.0,1.0650224215246709,33.39365730281425
2023-08-23,elf,2023-08-24,125.12,2023-08-25,120.38,124.83,1262100.0,0.0,-3.7883631713555057,29.60529413145874
2023-08-23,manu,2023-08-24,23.26,2023-08-25,23.46,23.38,1750500.0,0.0,0.8598452278589822,30.465139359317725
2023-08-23,mnso,2023-08-24,23.55,2023-09-11,27.2,23.31,1951900.0,10.0,15.498938428874729,45.964077788192455
2023-08-24,fti,2023-08-25,18.22,2023-10-04,19.68,18.03,2893500.0,26.0,8.013172338090016,53.97725012628247
2023-08-24,mpc,2023-08-25,144.26,2023-08-29,142.88,143.6,2888200.0,1.0,-0.9566061278247576,53.020643998457714
2023-08-24,ypf,2023-08-25,14.83,2023-08-28,14.85,14.69,1125700.0,0.0,0.13486176668914074,53.155505765146856
2023-08-24,nvda,2023-08-25,470.12,2023-09-12,447.38,471.63,115604400.0,10.0,-4.837062877563177,48.31844288758368
2023-08-25,rely,2023-08-28,25.0,2023-08-30,24.38,24.9,1359700.0,1.0,-2.480000000000004,45.838442887583675
2023-08-28,ypf,2023-08-29,14.96,2023-08-31,14.73,14.9,1722800.0,1.0,-1.5374331550802167,44.30100973250346
2023-08-29,hlx,2023-08-30,10.2,2023-10-04,10.46,10.12,2036600.0,23.0,2.5490196078431526,46.85002934034661
2023-08-30,oii,2023-08-31,23.06,2023-09-12,25.12,23.03,1272500.0,6.0,8.933217692974859,55.783247033321466
2023-08-30,elf,2023-08-31,136.6,2023-09-01,139.1,136.69,1572800.0,0.0,1.8301610541727673,57.613408087494236
2023-08-31,mod,2023-09-01,47.88,2023-09-05,48.59,47.59,1261400.0,0.0,1.4828738512949056,59.09628193878914
2023-08-31,imvt,2023-09-01,22.93,2023-09-06,22.72,22.71,2189600.0,1.0,-0.9158307893589221,58.18045114943022
2023-09-01,edu,2023-09-05,57.17,2023-09-08,53.96,58.16,1933400.0,2.0,-5.614832954346687,52.56561819508353
2023-09-05,akro,2023-09-06,49.8,2023-09-07,49.52,49.97,1261300.0,0.0,-0.5622489959839239,52.00336919909961
2023-09-05,tdw,2023-09-06,67.5,2023-09-07,67.62,67.97,1067200.0,0.0,0.1777777777777845,52.18114697687739
2023-09-05,mod,2023-09-06,46.49,2023-09-07,45.1,46.22,1029100.0,0.0,-2.989890298989031,49.19125667788836
2023-09-06,rely,2023-09-07,24.48,2023-09-22,25.06,24.98,1153700.0,10.0,2.369281045751627,51.56053772363999
2023-09-06,wfrd,2023-09-07,92.1,2023-09-08,93.39,92.66,1676700.0,0.0,1.4006514657980524,52.961189189438045
2023-09-06,roiv,2023-09-07,11.59,2023-09-13,11.11,11.79,2246900.0,3.0,-4.141501294219158,48.819687895218884
2023-09-07,lscc,2023-09-08,92.32,2023-09-11,92.85,92.44,1663300.0,0.0,0.574090121317159,49.39377801653605
2023-09-07,vrt,2023-09-08,39.33,2023-09-26,36.5,39.6,6757300.0,11.0,-7.195525044495292,42.198252972040756
2023-09-08,vktx,2023-09-11,16.07,2023-09-15,15.03,15.89,2866600.0,3.0,-6.471686372121972,35.72656659991878
2023-09-08,imvt,2023-09-11,23.51,2023-09-13,21.74,23.32,1044700.0,1.0,-7.528711186729065,28.197855413189718
2023-09-11,edu,2023-09-12,57.5,2023-09-14,59.88,57.65,1248000.0,1.0,4.139130434782613,32.33698584797233
2023-09-11,mnso,2023-09-12,28.15,2023-09-29,26.45,28.13,2284000.0,12.0,-6.039076376554172,26.29790947141816
2023-09-12,mltx,2023-09-13,57.14,2023-09-14,56.09,57.82,1650000.0,0.0,-1.8375918795939745,24.460317591824182
2023-09-12,wfrd,2023-09-13,97.65,2023-09-26,89.86,97.03,1676400.0,8.0,-7.977470558115725,16.48284703370846
2023-09-13,rmbs,2023-09-14,59.01,2023-09-18,54.95,58.69,1733400.0,1.0,-6.880189798339257,9.602657235369204
2023-09-13,tdw,2023-09-14,69.0,2023-09-15,68.76,68.1,1244100.0,0.0,-0.34782608695651435,9.25483114841269
2023-09-14,etnb,2023-09-15,17.76,2023-09-19,17.09,17.73,1398700.0,1.0,-3.772522522522532,5.482308625890157
2023-09-14,akro,2023-09-15,50.92,2023-09-20,51.11,50.74,1853400.0,2.0,0.3731343283582045,5.855442954248362
2023-09-15,imvt,2023-09-18,21.98,2023-09-20,21.89,21.81,1365000.0,1.0,-0.4094631483166508,5.445979805931711
2023-09-18,edu,2023-09-19,56.68,2023-09-20,56.35,57.17,1309900.0,0.0,-0.5822159491884232,4.8637638567432875
2023-09-19,pdd,2023-09-20,97.19,2023-09-28,93.89,98.35,4459500.0,5.0,-3.3954110505195976,1.46835280622369
2023-09-19,sgml,2023-09-20,38.46,2023-09-25,34.44,38.45,1143900.0,2.0,-10.452418096723877,-8.984065290500187
2023-09-19,tdw,2023-09-20,66.0,2023-09-21,66.63,65.53,1191600.0,0.0,0.9545454545454477,-8.029519835954739
2023-09-20,agi,2023-09-21,12.4,2023-09-22,12.63,12.7,2379900.0,0.0,1.8548387096774226,-6.174681126277316
2023-09-20,akro,2023-09-21,48.23,2023-09-22,48.46,48.6,1161200.0,0.0,0.4768816089570889,-5.697799517320227
2023-09-21,coty,2023-09-22,12.38,2023-09-27,11.58,12.27,5333400.0,2.0,-6.462035541195482,-12.15983505851571
2023-09-21,arry,2023-09-22,25.04,2023-09-26,22.77,24.78,2612800.0,1.0,-9.06549520766773,-21.22533026618344
2023-09-21,anf,2023-09-22,49.62,2023-09-27,53.27,49.32,1161800.0,2.0,7.355904877065711,-13.86942538911773
2023-09-22,edu,2023-09-25,53.6,2023-10-03,57.23,55.27,1202200.0,5.0,6.772388059701484,-7.097037329416246
2023-09-25,mpc,2023-09-26,152.88,2023-10-04,144.85,154.2,2123700.0,5.0,-5.252485609628468,-12.349522939044714
2023-09-25,oii,2023-09-26,25.38,2023-10-04,24.47,25.64,1452100.0,5.0,-3.5855003940110333,-15.935023333055748
2023-09-25,dht,2023-09-26,10.07,2023-09-28,9.98,10.11,2610700.0,1.0,-0.8937437934458774,-16.828767126501624
2023-09-26,parr,2023-09-27,35.27,2023-10-02,36.0,34.67,1040300.0,2.0,2.069747660901607,-14.759019465600018
2023-09-26,imvt,2023-09-27,42.5,2023-10-02,38.64,39.96,35084900.0,2.0,-9.082352941176469,-23.841372406776486
2023-09-27,vist,2023-09-28,30.39,2023-09-29,31.36,30.33,1319600.0,0.0,3.191839420862122,-20.649532985914362
2023-09-27,roiv,2023-09-28,13.2,2023-10-03,10.41,13.19,16476100.0,2.0,-21.13636363636363,-41.78589662227799
2023-09-28,tdw,2023-09-29,72.5,2023-10-02,71.08,72.28,1059500.0,0.0,-1.9586206896551748,-43.744517311933166
2023-09-28,jbl,2023-09-29,126.96,2023-10-23,124.26,124.95,7087000.0,15.0,-2.126654064272203,-45.87117137620537
2023-09-29,fro,2023-10-02,18.6,2023-10-05,17.42,18.78,4328600.0,2.0,-6.344086021505374,-52.215257397710744
2023-09-29,vist,2023-10-02,30.23,2023-10-03,30.49,30.39,1571600.0,0.0,0.8600727753886801,-51.355184622322064
2023-09-29,hnrg,2023-10-02,14.45,2023-10-03,13.56,14.42,1262600.0,0.0,-6.159169550173002,-57.51435417249507
2023-10-02,xpo,2023-10-03,73.79,2023-10-10,78.68,73.43,2942200.0,4.0,6.626914216018431,-50.88743995647664
2023-10-02,lpg,2023-10-03,28.44,2023-10-04,26.35,28.74,1861000.0,0.0,-7.348804500703234,-58.23624445717987
2023-10-02,smci,2023-10-03,286.56,2023-10-04,273.95,288.86,3486600.0,0.0,-4.400474595198218,-62.63671905237809
2023-10-02,anf,2023-10-03,58.0,2023-10-23,60.69,58.31,2068100.0,13.0,4.6379310344827545,-57.998788017895336
2023-10-03,sfm,2023-10-04,41.81,2023-10-09,42.24,41.49,1698800.0,2.0,1.0284620904089925,-56.97032592748634
2023-10-03,sphr,2023-10-04,39.84,2023-10-05,40.56,39.89,1831400.0,0.0,1.8072289156626478,-55.163097011823695
2023-10-03,cwan,2023-10-04,19.12,2023-10-05,19.14,19.1,1014900.0,0.0,0.10460251046024881,-55.05849450136345
2023-10-03,ntnx,2023-10-04,34.45,2023-10-09,35.86,34.31,2257300.0,2.0,4.09288824383163,-50.96560625753182
2023-10-03,cls,2023-10-04,23.77,2023-10-23,25.74,23.7,1902800.0,12.0,8.287757677745052,-42.67784857978677
2023-10-03,cccs,2023-10-04,12.64,2023-10-05,12.71,12.64,2796400.0,0.0,0.5537974683544327,-42.12405111143234
2023-10-04,nuvl,2023-10-05,58.35,2023-10-09,61.94,57.51,6250800.0,1.0,6.15252784918594,-35.97152326224639
2023-10-04,smci,2023-10-05,279.65,2023-10-20,264.71,280.4,3093100.0,10.0,-5.34239227605936,-41.31391553830575
2023-10-04,pcar,2023-10-05,86.35,2023-10-10,87.6,86.67,3232600.0,2.0,1.447596988998263,-39.866318549307486
2023-10-04,flex,2023-10-05,20.0,2023-10-06,19.54,20.05,3645667.0,0.0,-2.3000000000000043,-42.16631854930749
2023-10-05,fro,2023-10-06,17.6,2023-10-23,20.8,18.69,9084300.0,10.0,18.181818181818176,-23.984500367489314
2023-10-06,rely,2023-10-09,26.73,2023-10-10,26.5,26.64,1060500.0,0.0,-0.8604564160119732,-24.84495678350129
2023-10-06,edu,2023-10-09,59.24,2023-10-16,61.42,60.59,1262300.0,4.0,3.679945982444294,-21.165010801056994
2023-10-06,vrt,2023-10-09,39.29,2023-10-20,37.19,39.77,7097800.0,8.0,-5.344871468567069,-26.509882269624065
2023-10-09,pdd,2023-10-10,107.42,2023-10-19,103.5,106.96,8856100.0,6.0,-3.6492273319679773,-30.159109601592043
2023-10-09,meta,2023-10-10,319.12,2023-10-23,309.5,318.36,22503700.0,8.0,-3.014539984958638,-33.17364958655068
2023-10-09,vips,2023-10-10,16.43,2023-10-13,15.57,16.32,2928000.0,2.0,-5.234327449786972,-38.407977036337655
2023-10-12,sym,2023-10-13,41.94,2023-10-16,39.27,40.68,1125600.0,0.0,-6.366237482117299,-44.774214518454954
2023-10-13,mnso,2023-10-16,25.6,2023-10-17,25.82,25.8,1648600.0,0.0,0.8593749999999956,-43.91483951845496
2023-10-13,nvda,2023-10-16,450.63,2023-10-18,425.91,454.61,47411500.0,1.0,-5.48565341854736,-49.40049293700232
2023-10-16,mltx,2023-10-17,59.77,2023-10-18,57.3,60.53,1868600.0,0.0,-4.132507947130677,-53.533000884132996
2023-10-17,sym,2023-10-18,45.32,2023-10-20,42.35,46.29,1881900.0,1.0,-6.553398058252425,-60.08639894238542
2023-10-17,mnso,2023-10-18,25.27,2023-10-20,24.87,25.6,2271200.0,1.0,-1.5829046299960372,-61.66930357238146
2023-10-18,ypf,2023-10-19,13.28,2023-10-20,12.56,13.5,1872000.0,0.0,-5.421686746987944,-67.0909903193694
2023-10-19,wfrd,2023-10-20,93.49,2023-10-23,92.82,94.0,1045000.0,0.0,-0.7166541876136504,-67.80764450698305
2023-10-19,rely,2023-10-20,26.93,2023-10-23,26.03,26.98,1211700.0,0.0,-3.34199777200148,-71.14964227898453
2023-10-19,edu,2023-10-20,59.03,2023-10-23,59.16,60.88,1208300.0,0.0,0.22022700321869462,-70.92941527576583
2023-10-19,agi,2023-10-20,12.8,2023-10-23,12.7,12.7,2024800.0,0.0,-0.7812500000000111,-71.71066527576585
2023-10-19,nflx,2023-10-20,405.63,2023-10-23,403.32,401.77,28074400.0,0.0,-0.5694845055839071,-72.28014978134975
2023-10-24,mnso,2023-10-25,27.47,2023-10-26,26.52,28.11,2554300.0,0.0,-3.4583181652712027,-75.73846794662096
2023-10-24,jbl,2023-10-25,124.02,2023-10-26,121.5,124.47,1863200.0,0.0,-2.0319303338171233,-77.77039828043809
2023-10-24,wfrd,2023-10-25,93.85,2023-10-26,92.84,92.51,1039200.0,0.0,-1.0761854022376036,-78.84658368267569
2023-10-24,anf,2023-10-25,62.18,2023-10-26,61.35,62.35,1748400.0,0.0,-1.3348343518816312,-80.18141803455731
2023-10-24,edu,2023-10-25,61.5,2023-10-26,66.01,62.8,2077600.0,0.0,7.333333333333342,-72.84808470122397
2023-10-24,ge,2023-10-25,91.25,2023-10-26,89.2,90.68,15904078.0,0.0,-2.24657534246575,-75.09466004368971
2023-10-24,rely,2023-10-25,27.03,2023-10-26,26.17,27.17,1636200.0,0.0,-3.1816500184979635,-78.27631006218768
2023-10-24,meta,2023-10-25,310.0,2023-10-26,295.0,312.55,19525500.0,0.0,-4.838709677419355,-83.11501973960704
2023-10-24,cls,2023-10-25,26.15,2023-10-26,24.26,26.01,2629300.0,0.0,-7.227533460803048,-90.34255320041008
2023-10-24,nflx,2023-10-25,416.02,2023-10-26,411.42,413.73,6459200.0,0.0,-1.1057160713427157,-91.44826927175279
2023-11-02,anf,2023-11-03,63.81,2023-11-13,66.89,63.31,1154500.0,5.0,4.826829650524993,-86.6214396212278
2023-11-02,ftai,2023-11-03,40.16,2023-11-06,39.43,39.47,1867500.0,0.0,-1.817729083665331,-88.43916870489312
2023-11-02,coco,2023-11-03,28.99,2023-11-07,27.39,28.48,1527300.0,1.0,-5.519144532597441,-93.95831323749056
2023-11-02,phm,2023-11-03,82.68,2023-11-15,87.51,80.17,3721200.0,7.0,5.841799709724235,-88.11651352776633
2023-11-02,fti,2023-11-03,22.34,2023-11-17,20.3,22.44,5599700.0,9.0,-9.13160250671441,-97.24811603448074
2023-11-02,aclx,2023-11-03,40.84,2023-11-07,45.4,40.77,2684900.0,1.0,11.165523996082259,-86.08259203839849
2023-11-02,lpg,2023-11-03,37.63,2023-11-08,36.8,38.79,1881300.0,2.0,-2.205686951900094,-88.28827899029858
2023-11-02,wfrd,2023-11-03,99.48,2023-11-08,91.18,99.11,1639000.0,2.0,-8.343385605146759,-96.63166459544534
2023-11-02,tnk,2023-11-03,50.61,2023-11-06,53.33,51.92,1084400.0,0.0,5.374431930448526,-91.25723266499682
2023-11-02,nflx,2023-11-03,428.76,2023-11-08,435.0,424.71,4476000.0,2.0,1.4553596417576289,-89.8018730232392
2023-11-03,bbio,2023-11-06,29.0,2023-11-09,29.56,28.83,2227200.0,2.0,1.9310344827586163,-87.87083854048058
2023-11-03,mnso,2023-11-06,27.0,2023-11-07,26.82,26.64,1422800.0,0.0,-0.6666666666666656,-88.53750520714725
2023-11-06,edu,2023-11-07,65.5,2023-11-09,68.4,65.53,1625200.0,1.0,4.427480916030543,-84.1100242911167
2023-11-06,ftai,2023-11-07,40.44,2023-11-09,39.99,40.51,1277600.0,1.0,-1.1127596439169034,-85.2227839350336
2023-11-06,bldr,2023-11-07,125.28,2023-11-10,122.51,125.59,1639700.0,2.0,-2.211047254150699,-87.4338311891843
2023-11-07,aclx,2023-11-08,47.3,2023-11-09,46.98,47.74,1170400.0,0.0,-0.676532769556026,-88.11036395874034
2023-11-07,mnso,2023-11-08,26.56,2023-11-09,27.0,26.78,1094500.0,0.0,1.6566265060241014,-86.45373745271624
2023-11-07,coco,2023-11-08,28.05,2023-11-10,28.52,27.83,2078100.0,1.0,1.6755793226381421,-84.7781581300781
2023-11-08,ge,2023-11-09,91.26,2023-11-15,93.34,90.86,6065021.0,3.0,2.279202279202277,-82.49895585087582
2023-11-08,rcl,2023-11-09,95.5,2023-11-15,103.37,95.42,3787500.0,3.0,8.240837696335083,-74.25811815454074
2023-11-08,dkng,2023-11-09,35.5,2023-11-16,36.37,36.04,12811600.0,4.0,2.4507042253521054,-71.80741392918863
2023-11-08,idya,2023-11-09,30.93,2023-11-10,30.0,30.92,1463400.0,0.0,-3.006789524733268,-74.81420345392189
2023-11-08,celh,2023-11-09,60.41,2023-11-10,57.97,59.76,10509600.0,0.0,-4.0390663797384505,-78.85326983366033
2023-11-09,vrt,2023-11-10,40.01,2024-01-09,48.42,39.97,6119900.0,38.0,21.019745063734078,-57.83352476992626
2023-11-09,edu,2023-11-10,67.22,2023-11-13,68.33,67.62,1573100.0,0.0,1.6512942576614096,-56.182230512264844
2023-11-09,nvda,2023-11-10,475.0,2023-12-05,454.66,469.5,54049600.0,15.0,-4.282105263157889,-60.46433577542273
2023-11-09,bbio,2023-11-10,27.15,2023-11-13,27.26,27.07,1117800.0,0.0,0.4051565377532339,-60.0591792376695
2023-11-10,bldr,2023-11-13,123.1,2023-11-14,127.5,124.32,1085900.0,0.0,3.5743298131600376,-56.48484942450946
2023-11-10,ftai,2023-11-13,40.2,2023-11-14,42.24,41.07,1377100.0,0.0,5.07462686567164,-51.41022255883782
2023-11-10,rmbs,2023-11-13,62.27,2023-11-14,64.9,62.69,1284000.0,0.0,4.22354263690381,-47.186679921934015
2023-11-13,xpo,2023-11-14,86.55,2023-11-16,85.5,84.84,1522600.0,1.0,-1.213171577123047,-48.399851499057064
2023-11-13,edu,2023-11-14,69.9,2023-11-20,70.35,69.51,1119600.0,3.0,0.6437768240343185,-47.756074675022745
2023-11-13,bbio,2023-11-14,29.21,2023-11-21,28.66,27.52,1052700.0,4.0,-1.8829168093118818,-49.638991484334625
2023-11-14,aaoi,2023-11-15,12.22,2023-11-22,13.62,12.28,5085000.0,4.0,11.456628477905062,-38.18236300642956
2023-11-14,mod,2023-11-15,50.0,2023-11-16,49.24,49.66,1016000.0,0.0,-1.519999999999996,-39.70236300642956
2023-11-14,mnso,2023-11-15,27.12,2023-11-20,26.23,26.4,1169700.0,2.0,-3.2817109144542793,-42.98407392088384
2023-11-15,elf,2023-11-16,110.16,2023-11-22,112.11,113.21,2272500.0,3.0,1.7701525054466256,-41.21392141543721
2023-11-15,smci,2023-11-16,283.0,2023-11-27,284.11,287.78,3605500.0,5.0,0.39222614840989883,-40.821695267027316
2023-11-15,rmbs,2023-11-16,66.0,2023-11-20,65.86,66.52,1104700.0,1.0,-0.21212121212121296,-41.03381647914853
2023-11-16,iot,2023-11-17,26.63,2023-11-27,27.19,26.58,1815700.0,4.0,2.102891475779205,-38.930925003369325
2023-11-17,bldr,2023-11-20,132.82,2023-11-27,133.72,133.59,2192000.0,3.0,0.6776087938563513,-38.253316209512974
2023-11-17,anf,2023-11-20,73.27,2023-11-27,73.6,73.57,2648200.0,3.0,0.4503889722942518,-37.802927237218725
2023-11-17,dkng,2023-11-20,38.46,2023-12-14,38.17,38.37,15599600.0,16.0,-0.754030161206446,-38.55695739842517
2023-11-20,vist,2023-11-21,30.1,2023-11-22,29.66,30.09,2456400.0,0.0,-1.4617940199335588,-40.018751418358725
2023-11-21,bbio,2023-11-22,28.86,2023-11-24,29.19,28.31,1034300.0,0.0,1.1434511434511498,-38.87530027490757
2023-11-21,edu,2023-11-22,72.23,2023-11-24,72.27,71.96,1072000.0,0.0,0.05537865152982423,-38.81992162337775
2023-11-21,rmbs,2023-11-22,67.82,2023-11-24,67.51,66.93,1412800.0,0.0,-0.45709230315539384,-39.277013926533144
2023-11-22,sym,2023-11-24,52.03,2023-11-27,51.0,53.86,2221600.0,0.0,-1.9796271381895083,-41.25664106472265
2023-11-22,xpo,2023-11-24,88.57,2023-11-27,88.79,88.89,1038600.0,0.0,0.24839110308232257,-41.00824996164033
2023-11-22,meta,2023-11-24,340.13,2023-12-05,318.98,341.49,10702700.0,6.0,-6.218210684150171,-47.2264606457905
2023-11-24,nvo,2023-11-27,104.88,2023-11-28,101.87,105.45,4598700.0,0.0,-2.8699466056445377,-50.09640725143504
2023-11-24,pltr,2023-11-27,19.13,2023-11-28,19.11,19.2,39800400.0,0.0,-0.10454783063251216,-50.20095508206755
2023-11-24,shop,2023-11-27,71.81,2023-11-28,72.42,70.35,5062800.0,0.0,0.8494638629717302,-49.35149121909582
2023-11-24,edu,2023-11-27,75.0,2023-11-28,76.21,75.4,1191600.0,0.0,1.6133333333333248,-47.7381578857625
2023-11-24,uber,2023-11-27,55.47,2023-11-28,55.98,55.32,10696800.0,0.0,0.9194159004867462,-46.81874198527575
2023-11-24,vist,2023-11-27,32.42,2023-11-28,32.12,31.89,1060700.0,0.0,-0.9253547193090815,-47.744096704584834
2023-11-27,imvt,2023-11-28,34.52,2023-12-08,39.63,33.54,1311700.0,7.0,14.803012746234065,-32.94108395835077
2023-11-27,bbio,2023-11-28,29.63,2023-12-06,31.9,29.79,1408600.0,5.0,7.661154235572054,-25.27992972277871
2023-11-27,smci,2023-11-28,291.03,2023-12-01,262.26,290.37,2357000.0,2.0,-9.885578806308622,-35.16550852908733
2023-11-27,elf,2023-11-28,117.07,2023-12-06,125.69,117.44,1542400.0,5.0,7.363116084393957,-27.802392444693375
2023-11-27,eh,2023-11-28,19.0,2023-11-29,18.98,19.02,2014300.0,0.0,-0.1052631578947346,-27.90765560258811
2023-11-27,coco,2023-11-28,29.91,2023-11-29,28.84,30.04,2311600.0,0.0,-3.5773988632564366,-31.48505446584455
2023-11-28,vist,2023-11-29,31.0,2023-11-30,30.6,30.89,1100400.0,0.0,-1.2903225806451568,-32.77537704648971
2023-11-28,anf,2023-11-29,78.0,2023-12-11,79.46,77.73,1394300.0,7.0,1.8717948717948636,-30.903582174694844
2023-11-29,edu,2023-11-30,80.0,2023-12-08,79.05,78.35,1687900.0,5.0,-1.1875000000000036,-32.09108217469485
2023-11-30,iot,2023-12-01,31.0,2024-01-03,30.78,27.54,5156300.0,20.0,-0.709677419354835,-32.80075959404968
2023-12-04,bldr,2023-12-05,136.69,2023-12-27,169.03,136.86,2082900.0,14.0,23.659375228619506,-9.141384365430174
2023-12-04,rmbs,2023-12-05,64.5,2023-12-11,65.99,64.85,3220800.0,3.0,2.310077519379837,-6.831306846050337
2023-12-05,mltx,2023-12-06,52.31,2023-12-07,51.83,52.0,1750800.0,0.0,-0.9176065761804701,-7.748913422230807
2023-12-05,xpo,2023-12-06,85.66,2023-12-07,81.29,84.95,2460600.0,0.0,-5.1015643240719015,-12.850477746302708
2023-12-06,rcl,2023-12-07,118.17,2023-12-18,122.68,118.17,3987900.0,6.0,3.8165354997038206,-9.033942246598887
2023-12-06,bbio,2023-12-07,32.56,2023-12-12,33.01,32.41,1918700.0,2.0,1.3820638820638689,-7.651878364535018
2023-12-07,cls,2023-12-08,26.5,2023-12-13,27.14,26.65,2238300.0,2.0,2.4150943396226436,-5.2367840249123745
2023-12-07,lpg,2023-12-08,38.76,2023-12-12,37.13,38.69,2009100.0,1.0,-4.205366357069132,-9.442150381981506
2023-12-08,aclx,2023-12-11,54.29,2023-12-13,48.29,56.22,1293300.0,1.0,-11.051759071652238,-20.493909453633744
2023-12-08,ypf,2023-12-11,17.15,2023-12-15,17.51,17.14,2812700.0,3.0,2.0991253644315044,-18.39478408920224
2023-12-11,imvt,2023-12-12,40.29,2023-12-21,40.41,39.78,1017600.0,6.0,0.2978406552494352,-18.096943433952806
2023-12-11,anf,2023-12-12,81.6,2023-12-28,90.5,81.63,1404200.0,10.0,10.906862745098046,-7.19008068885476
2023-12-12,elf,2023-12-13,132.01,2023-12-22,144.95,131.07,1262600.0,6.0,9.802287705476857,2.612207016622097
2023-12-12,edu,2023-12-13,81.64,2023-12-18,77.91,82.76,1427500.0,2.0,-4.5688388045076,-1.9566317878855024
2023-12-13,bbio,2023-12-14,36.09,2024-01-18,37.57,35.2,1618200.0,21.0,4.100858963701847,2.1442271758163445
2023-12-14,slno,2023-12-15,37.83,2023-12-19,38.15,37.18,1157500.0,1.0,0.8458895056833209,2.990116681499665
2023-12-15,mltx,2023-12-18,60.65,2023-12-19,59.67,60.65,1408200.0,0.0,-1.615828524319863,1.3742881571798022
2023-12-15,ionq,2023-12-18,14.6,2023-12-21,13.83,14.93,12591600.0,2.0,-5.273972602739723,-3.89968444555992
2023-12-18,nuvl,2023-12-19,74.96,2023-12-20,74.07,75.43,1077400.0,0.0,-1.187299893276415,-5.086984338836335
2023-12-18,smci,2023-12-19,315.0,2024-01-04,280.5,322.19,5741000.0,9.0,-10.952380952380953,-16.039365291217287
2023-12-19,wfrd,2023-12-20,96.14,2023-12-22,98.5,95.75,1073900.0,1.0,2.454753484501768,-13.584611806715518
2023-12-20,nvda,2023-12-21,488.11,2024-01-04,477.67,481.11,39789400.0,7.0,-2.1388621417303475,-15.723473948445866
2023-12-20,tdw,2023-12-21,68.9,2023-12-22,71.82,68.35,1063400.0,0.0,4.23802612481856,-11.485447823627307
2023-12-21,ionq,2023-12-22,13.91,2023-12-26,13.67,13.79,4937300.0,0.0,-1.7253774263120074,-13.210825249939315
2023-12-21,meta,2023-12-22,355.58,2024-01-22,387.95,354.09,15289600.0,17.0,9.103436638731088,-4.107388611208227
2023-12-21,imvt,2023-12-22,39.18,2024-01-02,41.5,39.1,3781500.0,4.0,5.9213884635017875,1.81399985229356
2023-12-22,elf,2023-12-26,144.26,2023-12-27,143.92,143.84,1061500.0,0.0,-0.23568556772494345,1.5783142845686167
2023-12-26,ypf,2023-12-27,17.4,2024-01-08,16.55,17.47,2265700.0,6.0,-4.885057471264356,-3.3067431866957397
2023-12-26,rcl,2023-12-27,129.0,2024-01-08,123.85,128.98,2039700.0,6.0,-3.9922480620155083,-7.298991248711248
2023-12-27,riot,2023-12-28,18.21,2023-12-29,17.87,18.62,43092600.0,0.0,-1.8671059857221297,-9.166097234433378
2023-12-28,anf,2023-12-29,90.13,2024-01-18,100.29,90.01,1488300.0,11.0,11.272606235437713,2.1065090010043352
2023-12-29,xpo,2024-01-02,87.02,2024-01-03,84.09,87.59,1121100.0,0.0,-3.367042059296705,-1.2605330582923697
2024-01-02,bldr,2024-01-03,161.97,2024-01-09,161.38,165.38,1320300.0,3.0,-0.3642649873433373,-1.624798045635707
2024-01-02,elf,2024-01-03,138.01,2024-01-04,132.1,139.66,1732800.0,0.0,-4.282298384175057,-5.907096429810764
2024-01-03,blbd,2024-01-04,25.19,2024-01-05,24.99,25.08,1109800.0,0.0,-0.7939658594680541,-6.701062289278818
2024-01-03,cls,2024-01-04,28.01,2024-01-08,28.01,28.17,1351100.0,1.0,0.0,-6.701062289278818
2024-01-03,phm,2024-01-04,99.9,2024-01-17,103.19,100.47,2018700.0,7.0,3.2932932932932855,-3.4077689959855326
2024-01-04,smci,2024-01-05,288.8,2024-02-20,790.0,288.8,2311100.0,29.0,173.54570637119113,170.1379373752056
2024-01-05,imvt,2024-01-08,42.12,2024-01-19,40.54,42.78,2949700.0,7.0,-3.751187084520414,166.3867502906852
2024-01-05,nvda,2024-01-08,495.12,2024-04-04,904.06,490.97,41456800.0,59.0,82.5941185975117,248.98086888819688
2024-01-05,elf,2024-01-08,139.3,2024-01-11,157.9,138.02,1019300.0,2.0,13.352476669059579,262.33334555725645
2024-01-08,caba,2024-01-09,24.24,2024-01-10,23.86,24.24,1081600.0,0.0,-1.5676567656765636,260.76568879157986
2024-01-08,rxst,2024-01-09,45.42,2024-01-10,46.06,45.3,1485500.0,0.0,1.4090708938793495,262.1747596854592
2024-01-09,bldr,2024-01-10,165.98,2024-01-12,168.78,165.35,1048100.0,1.0,1.6869502349680754,263.8617099204273
2024-01-09,cls,2024-01-10,28.95,2024-01-16,28.5,28.75,1501800.0,2.0,-1.5544041450777177,262.30730577534956
2024-01-10,lpg,2024-01-11,42.27,2024-01-12,42.38,44.06,1131200.0,0.0,0.2602318429145953,262.56753761826417
2024-01-11,elf,2024-01-12,159.66,2024-01-16,157.74,159.07,1120800.0,0.0,-1.202555430289357,261.3649821879748
2024-01-11,caba,2024-01-12,21.79,2024-01-16,20.98,21.51,1038300.0,0.0,-3.7173015144561665,257.64768067351866
2024-01-12,roiv,2024-01-16,11.08,2024-01-19,10.48,11.06,2330600.0,2.0,-5.415162454873642,252.23251821864503
2024-01-12,idya,2024-01-16,39.6,2024-01-18,40.91,39.74,2833800.0,1.0,3.308080808080796,255.54059902672583
2024-01-12,vrt,2024-01-16,49.37,2024-04-22,75.8,49.52,3464600.0,66.0,53.53453514279928,309.0751341695251
2024-01-16,caba,2024-01-17,21.01,2024-01-18,20.79,21.4,1184400.0,0.0,-1.0471204188481789,308.0280137506769
2024-01-17,acic,2024-01-18,12.07,2024-01-19,12.01,11.9,2275100.0,0.0,-0.49710024855012835,307.5309135021268
2024-01-17,elf,2024-01-18,160.52,2024-01-25,157.46,163.1,1000100.0,4.0,-1.9063045103413918,305.6246089917854
2024-01-17,rmbs,2024-01-18,69.46,2024-01-31,69.74,67.56,1207300.0,8.0,0.40310970342643415,306.02771869521183
2024-01-17,avdl,2024-01-18,15.32,2024-01-19,15.1,15.39,2197800.0,0.0,-1.4360313315926936,304.59168736361914
2024-01-18,dkng,2024-01-19,37.89,2024-02-16,42.0,37.54,26372500.0,19.0,10.847189231987329,315.4388765956065
2024-01-18,anf,2024-01-19,98.13,2024-01-26,102.36,97.03,1553900.0,4.0,4.310608376643232,319.7494849722497
2024-01-18,oscr,2024-01-19,11.18,2024-01-26,11.99,11.03,3178500.0,4.0,7.245080500894459,326.9945654731442
2024-01-18,shop,2024-01-19,77.31,2024-01-26,80.51,77.52,11221200.0,4.0,4.139179924977367,331.13374539812156
2024-01-19,imvt,2024-01-22,40.53,2024-01-23,40.17,40.37,1201200.0,0.0,-0.8882309400444102,330.24551445807714
2024-01-22,vktx,2024-01-23,23.06,2024-01-25,21.57,22.84,3838100.0,1.0,-6.461405030355588,323.78410942772155
2024-01-24,mod,2024-01-25,65.93,2024-01-29,62.87,64.46,1243400.0,1.0,-4.641286212649794,319.14282321507176
2024-01-24,meta,2024-01-25,390.17,2024-03-21,514.71,390.7,15698500.0,38.0,31.919419740113288,351.06224295518507
2024-01-25,edu,2024-01-26,80.3,2024-01-29,78.81,81.05,2984600.0,0.0,-1.8555417185554108,349.20670123662967
2024-01-25,bldr,2024-01-26,169.81,2024-01-29,172.0,169.8,1205600.0,0.0,1.2896766974854237,350.4963779341151
2024-01-25,cls,2024-01-26,31.6,2024-03-28,45.25,31.72,2168200.0,42.0,43.19620253164556,393.69258046576067
2024-01-26,ypf,2024-01-29,17.45,2024-02-01,17.58,17.69,2729900.0,2.0,0.7449856733524299,394.4375661391131
2024-01-26,app,2024-01-29,44.55,2024-01-30,46.42,44.3,2173500.0,0.0,4.1975308641975415,398.6350970033106
2024-01-26,phm,2024-01-29,105.06,2024-02-05,104.9,105.12,1891800.0,4.0,-0.15229392727964647,398.48280307603096
2024-01-29,elf,2024-01-30,157.04,2024-02-02,161.96,158.84,1252600.0,2.0,3.132959755476322,401.6157628315073
2024-01-30,mod,2024-01-31,60.2,2024-02-05,69.87,66.78,1027100.0,2.0,16.06312292358804,417.67888575509534
2024-01-31,anf,2024-02-01,103.17,2024-02-26,124.14,101.9,1416100.0,15.0,20.3256760686246,438.00456182371994
2024-02-01,olma,2024-02-02,15.22,2024-02-05,15.28,15.25,2693000.0,0.0,0.3942181340341571,438.3987799577541
2024-02-02,sym,2024-02-05,52.0,2024-02-07,39.1,50.45,2535500.0,1.0,-24.807692307692307,413.59108765006175
2024-02-02,acic,2024-02-05,11.58,2024-02-06,11.3,11.41,1809700.0,0.0,-2.417962003454226,411.1731256466075
2024-02-02,elf,2024-02-05,172.59,2024-02-20,173.0,169.76,1093200.0,9.0,0.23755721652470976,411.4106828631322
2024-02-05,xpo,2024-02-06,96.0,2024-02-22,121.38,95.48,2016600.0,10.0,26.437499999999996,437.8481828631322
2024-02-06,mod,2024-02-07,68.74,2024-02-08,69.0,67.9,1028100.0,0.0,0.3782368344486546,438.22641969758087
2024-02-07,pltr,2024-02-08,23.96,2024-03-25,24.12,23.6,254911100.0,30.0,0.6677796327212026,438.89419933030206
2024-02-15,olma,2024-02-16,14.83,2024-02-20,14.87,14.81,1096000.0,0.0,0.2697235333782815,439.16392286368034
2024-02-16,mod,2024-02-20,78.92,2024-02-22,78.88,80.19,1176800.0,1.0,-0.05068423720223803,439.1132386264781
2024-02-16,bbio,2024-02-20,37.0,2024-02-21,35.19,37.21,1409100.0,0.0,-4.891891891891898,434.22134673458623
2024-02-16,vktx,2024-02-20,36.21,2024-02-22,35.2,36.2,9369500.0,1.0,-2.7892847279756916,431.4320620066105
2024-02-20,skyw,2024-02-21,60.38,2024-02-22,60.28,60.76,1413600.0,0.0,-0.1656177542232551,431.26644425238726
2024-02-21,dkng,2024-02-22,42.0,2024-03-05,44.37,40.75,12370900.0,7.0,5.642857142857137,436.90930139524437
2024-02-21,wfrd,2024-02-22,103.11,2024-02-26,105.16,103.61,1268400.0,1.0,1.9881679759480138,438.89746937119236
2024-02-21,app,2024-02-22,57.76,2024-04-22,67.3,55.42,4189000.0,40.0,16.516620498614955,455.4140898698073
2024-02-21,bldr,2024-02-22,192.01,2024-03-07,202.21,183.66,1351600.0,9.0,5.312223321702004,460.7263131915093
2024-02-23,elf,2024-02-26,188.18,2024-03-08,210.73,185.94,1201900.0,8.0,11.98320756722286,472.70952075873214
2024-02-23,iot,2024-02-26,33.6,2024-03-06,33.61,33.31,2289500.0,6.0,0.029761904761898838,472.73928266349407
2024-03-04,anf,2024-03-05,135.72,2024-03-21,136.68,137.3,2894700.0,11.0,0.707338638373127,473.4466213018672
2024-03-05,mod,2024-03-06,90.38,2024-03-07,89.9,89.1,1066000.0,0.0,-0.5310909493250606,472.91553035254213
2024-03-06,xpo,2024-03-07,125.84,2024-03-13,124.5,125.31,1582500.0,3.0,-1.064844246662431,471.85068610587973
2024-03-06,edu,2024-03-07,93.11,2024-03-12,88.0,95.13,1834900.0,2.0,-5.488132316614756,466.36255378926495
2024-03-07,bldr,2024-03-08,205.44,2024-03-14,202.15,204.13,1023000.0,3.0,-1.6014408099688435,464.7611129792961
2024-03-11,mod,2024-03-12,82.0,2024-03-13,84.67,81.3,1231500.0,0.0,3.2560975609756118,468.0172105402717
2024-03-12,sym,2024-03-13,46.1,2024-03-20,44.65,46.43,1318400.0,4.0,-3.145336225596535,464.8718743146752
2024-03-12,elf,2024-03-13,204.99,2024-03-14,206.91,205.31,1180100.0,0.0,0.9366310551734169,465.8085053698486
2024-03-13,iot,2024-03-14,38.4,2024-04-03,35.29,38.36,3376500.0,12.0,-8.098958333333332,457.7095470365153
2024-03-13,mod,2024-03-14,82.54,2024-03-28,94.85,82.92,1408500.0,9.0,14.913981100072677,472.623528136588
2024-03-19,lfmd,2024-03-20,10.88,2024-03-21,11.63,10.87,1103400.0,0.0,6.893382352941176,479.51691048952915
2024-03-20,dkng,2024-03-21,46.76,2024-04-16,44.4,46.27,16165900.0,16.0,-5.047048759623609,474.4698617299055
2024-03-20,elf,2024-03-21,203.42,2024-03-25,204.35,200.54,1100800.0,1.0,0.45718218464261473,474.9270439145481
2024-03-20,xpo,2024-03-21,125.56,2024-03-25,124.81,124.36,1714600.0,1.0,-0.5973239885313795,474.3297199260167
2024-03-22,fusn,2024-03-25,21.24,2024-04-09,21.31,21.24,3143600.0,9.0,0.32956685499058513,474.65928678100727
2024-03-22,hrtg,2024-03-25,10.24,2024-03-26,10.71,10.34,1044700.0,0.0,4.589843750000006,479.24913053100727
2024-03-22,ftai,2024-03-25,65.3,2024-03-26,66.5,65.36,1051900.0,0.0,1.8376722817764208,481.0868028127837
2024-03-25,sym,2024-03-26,49.71,2024-03-27,48.49,49.27,1466700.0,0.0,-2.4542345604506113,478.63256825233304
2024-03-25,rcl,2024-03-26,136.8,2024-04-11,130.89,136.27,2407000.0,10.0,-4.320175438596509,474.31239281373655
2024-03-26,cvna,2024-03-27,91.65,2024-04-03,81.56,90.81,5038200.0,3.0,-11.009274413529736,463.3031184002068
2024-03-27,sym,2024-03-28,45.11,2024-04-01,45.52,45.23,1614800.0,0.0,0.9088893815118682,464.2120077817187
2024-03-27,xpo,2024-03-28,119.83,2024-04-02,120.0,120.92,1229400.0,1.0,0.14186764583159617,464.3538754275503
2024-03-28,hrtg,2024-04-01,10.65,2024-04-02,10.69,10.65,1124900.0,0.0,0.3755868544600859,464.7294622820104
2024-04-01,sym,2024-04-02,44.81,2024-04-03,43.95,45.44,1036200.0,0.0,-1.9192144610577981,462.8102478209526
2024-04-01,nu,2024-04-02,11.73,2024-04-12,11.44,11.82,19683300.0,7.0,-2.4722932651321474,460.3379545558205
2024-04-02,phm,2024-04-03,113.7,2024-04-05,114.1,114.2,2025400.0,1.0,0.3518029903254103,460.68975754614587
2024-04-02,bldr,2024-04-03,198.31,2024-04-04,206.64,199.75,1216000.0,0.0,4.200494175785378,464.89025172193124
2024-04-02,wfrd,2024-04-03,123.28,2024-04-04,126.34,123.27,1356600.0,0.0,2.4821544451654787,467.3724061670967
2024-04-03,cvna,2024-04-04,84.0,2024-04-05,81.32,82.4,2133300.0,0.0,-3.1904761904761982,464.1819299766205
2024-04-03,mod,2024-04-04,95.29,2024-04-08,98.65,93.78,1093200.0,1.0,3.526078287333403,467.7080082639539
2024-04-03,ftai,2024-04-04,71.48,2024-04-09,71.68,70.15,1082000.0,2.0,0.27979854504756974,467.9878068090015
2024-04-04,cls,2024-04-05,48.57,2024-04-19,42.87,48.07,2926200.0,9.0,-11.735639283508343,456.2521675254931
2024-04-04,meta,2024-04-05,516.86,2024-04-22,489.72,510.92,26476300.0,10.0,-5.250938358549702,451.0012291669434
2024-04-05,cvna,2024-04-08,85.72,2024-04-15,74.72,83.84,2173200.0,4.0,-12.832477834811012,438.1687513321324
2024-04-08,nvda,2024-04-09,874.42,2024-04-10,839.26,871.33,28322000.0,0.0,-4.020951030397288,434.1478003017351
2024-04-08,vist,2024-04-09,42.95,2024-04-10,43.08,43.8,1081200.0,0.0,0.30267753201395914,434.45047783374906
2024-04-09,mod,2024-04-10,88.6,2024-04-12,92.09,91.46,1196800.0,1.0,3.939051918735902,438.389529752485
2024-04-09,xpo,2024-04-10,124.57,2024-04-11,125.76,127.34,1143500.0,0.0,0.9552861844746022,439.3448159369596
2024-04-10,dell,2024-04-11,123.61,2024-04-30,126.25,123.37,5945000.0,12.0,2.1357495348272795,441.48056547178686
2024-04-10,ftai,2024-04-11,70.4,2024-04-12,71.08,70.44,1200200.0,0.0,0.9659090909090803,442.4464745626959
2024-04-11,avgo,2024-04-12,1352.01,2024-04-18,1288.0,1382.46,3171300.0,3.0,-4.7344324376298985,437.71204212506603
2024-04-11,oscr,2024-04-12,14.97,2024-04-15,14.75,15.02,1957100.0,0.0,-1.4696058784235178,436.2424362466425
2024-04-11,fusn,2024-04-12,21.35,2024-04-15,21.32,21.36,3827600.0,0.0,-0.14051522248244092,436.10192102416005
2024-04-12,vst,2024-04-15,70.83,2024-04-19,65.6,69.74,4248600.0,3.0,-7.383876888324162,428.7180441358359
2024-04-12,dash,2024-04-15,139.02,2024-04-18,131.24,138.38,1997200.0,2.0,-5.596317076679615,423.1217270591563
2024-04-12,spot,2024-04-15,302.72,2024-04-23,301.13,300.45,1419800.0,5.0,-0.5252378435518075,422.5964892156045
2024-04-15,xpo,2024-04-16,122.98,2024-04-18,119.91,123.37,1028600.0,1.0,-2.4963408684338977,420.1001483471706
2024-04-17,fti,2024-04-18,25.49,2024-04-26,26.32,25.34,3451300.0,5.0,3.2561788936838054,423.3563272408544
2024-04-17,oscr,2024-04-18,15.6,2024-06-04,19.1,15.54,2036600.0,31.0,22.43589743589745,445.79222467675186
2024-04-17,ftai,2024-04-18,70.56,2024-04-22,68.7,69.91,1022500.0,1.0,-2.6360544217687067,443.1561702549831
2024-04-18,ge,2024-04-19,153.45,2024-05-06,165.12,152.94,6186600.0,10.0,7.605083088954068,450.7612533439372
2024-04-18,ccj,2024-04-19,47.91,2024-05-01,47.67,48.17,2533600.0,7.0,-0.5009392611145792,450.2603140828226
2024-04-19,avdl,2024-04-22,17.4,2024-04-23,17.48,17.33,1332500.0,0.0,0.4597701149425394,450.7200841977652
2024-04-19,sfm,2024-04-22,65.3,2024-04-30,67.5,65.15,1366700.0,5.0,3.3690658499234347,454.08915004768863
2024-04-19,ceg,2024-04-22,181.6,2024-04-23,183.97,180.9,3413600.0,0.0,1.3050660792951567,455.3942161269838
2024-04-19,infa,2024-04-22,33.26,2024-04-23,31.76,35.19,2024200.0,0.0,-4.509921828021637,450.8842942989622
2024-04-22,pdd,2024-04-23,125.38,2024-05-02,128.97,124.14,15018200.0,6.0,2.863295581432448,453.7475898803946
2024-04-22,etrn,2024-04-23,12.86,2024-04-29,13.71,12.86,5782200.0,3.0,6.609642301710743,460.35723218210535
2024-04-22,ftai,2024-04-23,71.05,2024-04-24,72.95,70.89,1364800.0,0.0,2.6741731175228796,463.0314052996282
2024-04-22,ggal,2024-04-23,30.84,2024-04-24,30.77,31.02,1323900.0,0.0,-0.2269779507133602,462.8044273489148
2024-04-23,spot,2024-04-24,301.35,2024-05-09,298.88,303.31,11386200.0,10.0,-0.8196449311431979,461.9847824177716
2024-04-23,wdc,2024-04-24,71.05,2024-04-25,66.74,69.92,7710600.0,0.0,-6.0661505981703066,455.91863181960133
2024-04-24,vrt,2024-04-25,83.0,2024-06-03,98.2,84.57,28787700.0,25.0,18.313253012048197,474.23188483164955
2024-04-25,ftai,2024-04-26,73.26,2024-05-08,77.0,73.25,1289500.0,7.0,5.105105105105098,479.33698993675466
2024-04-26,wfrd,2024-04-29,128.61,2024-04-30,128.33,127.97,1077900.0,0.0,-0.21771246403856706,479.1192774727161
2024-04-29,slno,2024-04-30,44.12,2024-05-01,44.63,45.53,3503600.0,0.0,1.1559383499546807,480.27521582267076
2024-04-29,iot,2024-04-30,35.4,2024-05-10,39.95,35.7,2696800.0,7.0,12.85310734463278,493.12832316730356
2024-04-29,cvna,2024-04-30,82.0,2024-05-21,116.67,83.76,4840900.0,14.0,42.28048780487805,535.4088109721816
2024-04-30,wfrd,2024-05-01,123.15,2024-05-03,123.02,123.62,1106800.0,1.0,-0.10556232237110001,535.3032486498105
2024-04-30,vst,2024-05-01,75.67,2024-06-05,90.07,75.84,6002100.0,23.0,19.0299986784723,554.3332473282828
2024-05-01,vktx,2024-05-02,78.13,2024-05-14,72.88,76.43,4065300.0,7.0,-6.719569947523358,547.6136773807594
2024-05-02,rcl,2024-05-03,138.68,2024-05-06,139.59,137.38,2378400.0,0.0,0.6561869051052758,548.2698642858647
2024-05-03,anf,2024-05-06,129.96,2024-05-08,127.4,128.76,1176800.0,1.0,-1.969836872883966,546.3000274129807
2024-05-03,slno,2024-05-06,45.4,2024-05-07,45.84,45.12,1599400.0,0.0,0.9691629955947243,547.2691904085755
2024-05-06,nvda,2024-05-07,910.98,2024-06-05,1183.72,921.4,37620300.0,19.0,29.939186370721643,577.2083767792972
2024-05-07,mod,2024-05-08,103.5,2024-05-09,104.88,104.85,1133000.0,0.0,1.3333333333333288,578.5417101126305
2024-05-07,cls,2024-05-08,47.52,2024-06-05,53.86,47.87,1875700.0,18.0,13.341750841750832,591.8834609543813
2024-05-08,lfmd,2024-05-09,10.7,2024-05-10,9.45,12.33,1222100.0,0.0,-11.682242990654206,580.2012179637271
2024-05-08,dell,2024-05-09,131.17,2024-06-03,140.55,131.61,4921500.0,15.0,7.1510253869025115,587.3522433506296
2024-05-09,camt,2024-05-10,93.5,2024-05-13,90.0,91.62,1270900.0,0.0,-3.7433155080213902,583.6089278426082
2024-05-09,app,2024-05-10,85.74,2024-06-05,82.2,84.69,15126900.0,16.0,-4.1287613715885145,579.4801664710196
2024-05-10,anf,2024-05-13,131.19,2024-05-14,133.85,129.71,1094800.0,0.0,2.027593566582816,581.5077600376025
2024-05-13,crwd,2024-05-14,319.19,2024-05-31,329.76,319.18,1894400.0,11.0,3.3115072527334797,584.8192672903359
2024-05-13,grpn,2024-05-14,15.51,2024-05-21,16.87,15.11,3465700.0,4.0,8.768536428110904,593.5878037184468
2024-05-20,mstr,2024-05-21,1730.0,2024-05-22,1663.0,1727.24,1671700.0,0.0,-3.8728323699421967,589.7149713485046
2024-05-20,anf,2024-05-21,144.8,2024-06-05,168.69,144.84,1546800.0,9.0,16.498618784530375,606.2135901330349
2024-05-21,mod,2024-05-22,88.42,2024-05-23,98.81,101.47,1317600.0,0.0,11.75073512779914,617.964325260834
2024-05-22,mmyt,2024-05-23,79.52,2024-05-28,79.99,78.12,1298000.0,1.0,0.5910462776659946,618.5553715385
2024-05-24,elf,2024-05-28,192.8,2024-06-05,189.41,191.42,2548100.0,5.0,-1.7582987551867295,616.7970727833133
2024-05-30,coin,2024-05-31,239.28,2024-06-03,232.5,234.76,9349200.0,0.0,-2.833500501504514,613.9635722818088
2024-05-31,ftai,2024-06-03,84.53,2024-06-05,79.18,84.32,1556500.0,1.0,-6.329113924050627,607.6344583577581
2024-05-31,amsc,2024-06-03,20.0,2024-06-05,21.33,19.18,1792100.0,1.0,6.649999999999992,614.2844583577581
2024-05-31,spot,2024-06-03,313.01,2024-06-05,326.55,296.78,1478300.0,1.0,4.3257403916807835,618.610198749439
2024-06-03,skyw,2024-06-04,80.89,2024-06-05,79.14,79.41,1011700.0,0.0,-2.16343182099147,616.4467669284475
